ISO-10303-21;
HEADER;
/* Generated by software containing ST-Developer
 * from STEP Tools, Inc. (www.steptools.com) 
 */

FILE_DESCRIPTION(
/* description */ (''),
/* implementation_level */ '2;1');

FILE_NAME(
/* name */ 'stage_insert.step',
/* time_stamp */ '2026-06-19T15:08:58+02:00',
/* author */ ('neuhau0004'),
/* organization */ (''),
/* preprocessor_version */ 'ST-DEVELOPER v20.1',
/* originating_system */ 'Autodesk Inventor 2026',
/* authorisation */ '');

FILE_SCHEMA (('AUTOMOTIVE_DESIGN { 1 0 10303 214 3 1 1 }'));
ENDSEC;

DATA;
#10=MECHANICAL_DESIGN_GEOMETRIC_PRESENTATION_REPRESENTATION('',(#16),#4000);
#11=GEOMETRICALLY_BOUNDED_WIREFRAME_SHAPE_REPRESENTATION('',(#12),#3999);
#12=GEOMETRIC_CURVE_SET('Skizze10',(#3996));
#13=SHAPE_REPRESENTATION_RELATIONSHIP('SRR','None',#4007,#15);
#14=SHAPE_REPRESENTATION_RELATIONSHIP('SRR','None',#4007,#11);
#15=ADVANCED_BREP_SHAPE_REPRESENTATION('',(#17),#3999);
#16=STYLED_ITEM('',(#4016),#17);
#17=MANIFOLD_SOLID_BREP('Volumenk\X\F6rper1',#2321);
#18=B_SPLINE_SURFACE_WITH_KNOTS('',2,1,((#3293,#3294),(#3295,#3296),(#3297,
#3298),(#3299,#3300)),.UNSPECIFIED.,.F.,.F.,.F.,(3,1,3),(2,2),(-2.,-1.,
0.),(0.,38.6839307723504),.UNSPECIFIED.);
#19=B_SPLINE_SURFACE_WITH_KNOTS('',2,1,((#3307,#3308),(#3309,#3310),(#3311,
#3312),(#3313,#3314)),.UNSPECIFIED.,.F.,.F.,.F.,(3,1,3),(2,2),(-2.,-1.,
0.),(0.,38.6839307723504),.UNSPECIFIED.);
#20=B_SPLINE_SURFACE_WITH_KNOTS('',2,1,((#3321,#3322),(#3323,#3324),(#3325,
#3326),(#3327,#3328)),.UNSPECIFIED.,.F.,.F.,.F.,(3,1,3),(2,2),(-2.,-1.,
0.),(0.,38.6839307723504),.UNSPECIFIED.);
#21=B_SPLINE_SURFACE_WITH_KNOTS('',2,1,((#3335,#3336),(#3337,#3338),(#3339,
#3340),(#3341,#3342)),.UNSPECIFIED.,.F.,.F.,.F.,(3,1,3),(2,2),(-2.,-1.,
0.),(0.,38.6839307723504),.UNSPECIFIED.);
#22=B_SPLINE_SURFACE_WITH_KNOTS('',2,1,((#3349,#3350),(#3351,#3352),(#3353,
#3354),(#3355,#3356)),.UNSPECIFIED.,.F.,.F.,.F.,(3,1,3),(2,2),(-2.,-1.,
0.),(0.,38.6839307723504),.UNSPECIFIED.);
#23=B_SPLINE_SURFACE_WITH_KNOTS('',2,1,((#3375,#3376),(#3377,#3378),(#3379,
#3380),(#3381,#3382)),.UNSPECIFIED.,.F.,.F.,.F.,(3,1,3),(2,2),(-2.,-1.,
0.),(0.,38.6839307723504),.UNSPECIFIED.);
#24=B_SPLINE_SURFACE_WITH_KNOTS('',2,1,((#3389,#3390),(#3391,#3392),(#3393,
#3394),(#3395,#3396)),.UNSPECIFIED.,.F.,.F.,.F.,(3,1,3),(2,2),(-2.,-1.,
0.),(0.,38.6839307723504),.UNSPECIFIED.);
#25=B_SPLINE_SURFACE_WITH_KNOTS('',2,1,((#3403,#3404),(#3405,#3406),(#3407,
#3408),(#3409,#3410)),.UNSPECIFIED.,.F.,.F.,.F.,(3,1,3),(2,2),(-2.,-1.,
0.),(0.,38.6839307723504),.UNSPECIFIED.);
#26=B_SPLINE_SURFACE_WITH_KNOTS('',2,1,((#3417,#3418),(#3419,#3420),(#3421,
#3422),(#3423,#3424)),.UNSPECIFIED.,.F.,.F.,.F.,(3,1,3),(2,2),(-2.,-1.,
0.),(0.,38.6839307723504),.UNSPECIFIED.);
#27=B_SPLINE_SURFACE_WITH_KNOTS('',2,1,((#3431,#3432),(#3433,#3434),(#3435,
#3436),(#3437,#3438)),.UNSPECIFIED.,.F.,.F.,.F.,(3,1,3),(2,2),(-2.,-1.,
0.),(0.,38.6839307723504),.UNSPECIFIED.);
#28=B_SPLINE_SURFACE_WITH_KNOTS('',2,1,((#3453,#3454),(#3455,#3456),(#3457,
#3458),(#3459,#3460)),.UNSPECIFIED.,.F.,.F.,.F.,(3,1,3),(2,2),(-2.,-1.,
0.),(0.,38.6839307723504),.UNSPECIFIED.);
#29=B_SPLINE_SURFACE_WITH_KNOTS('',2,1,((#3467,#3468),(#3469,#3470),(#3471,
#3472),(#3473,#3474)),.UNSPECIFIED.,.F.,.F.,.F.,(3,1,3),(2,2),(-2.,-1.,
0.),(0.,38.6839307723504),.UNSPECIFIED.);
#30=B_SPLINE_SURFACE_WITH_KNOTS('',2,1,((#3481,#3482),(#3483,#3484),(#3485,
#3486),(#3487,#3488)),.UNSPECIFIED.,.F.,.F.,.F.,(3,1,3),(2,2),(-2.,-1.,
0.),(0.,38.6839307723504),.UNSPECIFIED.);
#31=B_SPLINE_SURFACE_WITH_KNOTS('',2,1,((#3495,#3496),(#3497,#3498),(#3499,
#3500),(#3501,#3502)),.UNSPECIFIED.,.F.,.F.,.F.,(3,1,3),(2,2),(-2.,-1.,
0.),(0.,38.6839307723504),.UNSPECIFIED.);
#32=B_SPLINE_SURFACE_WITH_KNOTS('',2,1,((#3513,#3514),(#3515,#3516),(#3517,
#3518),(#3519,#3520)),.UNSPECIFIED.,.F.,.F.,.F.,(3,1,3),(2,2),(-2.,-1.,
0.),(0.,38.6839307723504),.UNSPECIFIED.);
#33=B_SPLINE_SURFACE_WITH_KNOTS('',2,1,((#3527,#3528),(#3529,#3530),(#3531,
#3532),(#3533,#3534)),.UNSPECIFIED.,.F.,.F.,.F.,(3,1,3),(2,2),(-2.,-1.,
0.),(0.,38.6839307723504),.UNSPECIFIED.);
#34=B_SPLINE_SURFACE_WITH_KNOTS('',2,1,((#3541,#3542),(#3543,#3544),(#3545,
#3546),(#3547,#3548)),.UNSPECIFIED.,.F.,.F.,.F.,(3,1,3),(2,2),(-2.,-1.,
0.),(0.,38.6839307723504),.UNSPECIFIED.);
#35=B_SPLINE_SURFACE_WITH_KNOTS('',2,1,((#3555,#3556),(#3557,#3558),(#3559,
#3560),(#3561,#3562)),.UNSPECIFIED.,.F.,.F.,.F.,(3,1,3),(2,2),(-2.,-1.,
0.),(0.,38.6839307723504),.UNSPECIFIED.);
#36=B_SPLINE_SURFACE_WITH_KNOTS('',2,1,((#3569,#3570),(#3571,#3572),(#3573,
#3574),(#3575,#3576)),.UNSPECIFIED.,.F.,.F.,.F.,(3,1,3),(2,2),(-2.,-1.,
0.),(0.,38.6839307723504),.UNSPECIFIED.);
#37=B_SPLINE_SURFACE_WITH_KNOTS('',2,1,((#3699,#3700),(#3701,#3702),(#3703,
#3704),(#3705,#3706)),.UNSPECIFIED.,.F.,.F.,.F.,(3,1,3),(2,2),(-2.,-1.,
0.),(0.,38.6839307723504),.UNSPECIFIED.);
#38=B_SPLINE_CURVE_WITH_KNOTS('',3,(#3122,#3123,#3124,#3125,#3126,#3127,
#3128),.UNSPECIFIED.,.F.,.F.,(4,3,4),(-0.117931066281063,-0.0589655331405314,
0.),.UNSPECIFIED.);
#39=B_SPLINE_CURVE_WITH_KNOTS('',3,(#3130,#3131,#3132,#3133,#3134,#3135,
#3136),.UNSPECIFIED.,.F.,.F.,(4,3,4),(-0.115893835918306,-0.0579469179591531,
0.),.UNSPECIFIED.);
#40=B_SPLINE_CURVE_WITH_KNOTS('',3,(#3138,#3139,#3140,#3141,#3142,#3143,
#3144),.UNSPECIFIED.,.F.,.F.,(4,3,4),(-0.0940737881035503,-0.0470368940517751,
0.),.UNSPECIFIED.);
#41=B_SPLINE_CURVE_WITH_KNOTS('',3,(#3146,#3147,#3148,#3149,#3150,#3151,
#3152,#3153),.UNSPECIFIED.,.F.,.F.,(4,2,2,4),(-0.0548412405190458,-0.0347468038411573,
-0.0193540579708647,0.),.UNSPECIFIED.);
#42=B_SPLINE_CURVE_WITH_KNOTS('',3,(#3155,#3156,#3157,#3158,#3159,#3160,
#3161),.UNSPECIFIED.,.F.,.F.,(4,3,4),(-0.11503036146097,-0.0575151807304848,
0.),.UNSPECIFIED.);
#43=B_SPLINE_CURVE_WITH_KNOTS('',3,(#3169,#3170,#3171,#3172,#3173,#3174),
 .UNSPECIFIED.,.F.,.F.,(4,2,4),(-0.0440257726687292,-0.0214746004773118,
0.),.UNSPECIFIED.);
#44=B_SPLINE_CURVE_WITH_KNOTS('',3,(#3176,#3177,#3178,#3179,#3180,#3181,
#3182),.UNSPECIFIED.,.F.,.F.,(4,3,4),(-0.0504580650640046,-0.0252290325320023,
0.),.UNSPECIFIED.);
#45=B_SPLINE_CURVE_WITH_KNOTS('',3,(#3184,#3185,#3186,#3187,#3188,#3189),
 .UNSPECIFIED.,.F.,.F.,(4,2,4),(-0.1357987016694,-0.0406073757531511,0.),
 .UNSPECIFIED.);
#46=B_SPLINE_CURVE_WITH_KNOTS('',3,(#3191,#3192,#3193,#3194,#3195,#3196,
#3197),.UNSPECIFIED.,.F.,.F.,(4,3,4),(-0.0581759114226256,-0.0290879557113128,
0.),.UNSPECIFIED.);
#47=B_SPLINE_CURVE_WITH_KNOTS('',3,(#3199,#3200,#3201,#3202,#3203,#3204,
#3205),.UNSPECIFIED.,.F.,.F.,(4,3,4),(-0.169604337139017,-0.0848021685695087,
0.),.UNSPECIFIED.);
#48=B_SPLINE_CURVE_WITH_KNOTS('',3,(#3211,#3212,#3213,#3214,#3215,#3216,
#3217),.UNSPECIFIED.,.F.,.F.,(4,3,4),(-0.204194812574733,-0.102097406287367,
0.),.UNSPECIFIED.);
#49=B_SPLINE_CURVE_WITH_KNOTS('',3,(#3219,#3220,#3221,#3222,#3223,#3224,
#3225),.UNSPECIFIED.,.F.,.F.,(4,3,4),(-0.0950485336303229,-0.0475242668151614,
0.),.UNSPECIFIED.);
#50=B_SPLINE_CURVE_WITH_KNOTS('',3,(#3227,#3228,#3229,#3230,#3231,#3232,
#3233),.UNSPECIFIED.,.F.,.F.,(4,3,4),(-0.163897406972439,-0.0819487034862194,
0.),.UNSPECIFIED.);
#51=B_SPLINE_CURVE_WITH_KNOTS('',3,(#3235,#3236,#3237,#3238,#3239,#3240,
#3241),.UNSPECIFIED.,.F.,.F.,(4,3,4),(-0.101632950423649,-0.0508164752118243,
0.),.UNSPECIFIED.);
#52=B_SPLINE_CURVE_WITH_KNOTS('',3,(#3243,#3244,#3245,#3246,#3247,#3248,
#3249),.UNSPECIFIED.,.F.,.F.,(4,3,4),(-0.053200235804834,-0.026600117902417,
0.),.UNSPECIFIED.);
#53=B_SPLINE_CURVE_WITH_KNOTS('',3,(#3253,#3254,#3255,#3256,#3257,#3258,
#3259),.UNSPECIFIED.,.F.,.F.,(4,3,4),(-0.083104748911725,-0.0415523744558625,
0.),.UNSPECIFIED.);
#54=B_SPLINE_CURVE_WITH_KNOTS('',3,(#3261,#3262,#3263,#3264,#3265,#3266,
#3267),.UNSPECIFIED.,.F.,.F.,(4,3,4),(-0.0929335524559219,-0.0464667762279609,
0.),.UNSPECIFIED.);
#55=B_SPLINE_CURVE_WITH_KNOTS('',3,(#3269,#3270,#3271,#3272,#3273,#3274,
#3275),.UNSPECIFIED.,.F.,.F.,(4,3,4),(-0.14809247940817,-0.074046239704085,
0.),.UNSPECIFIED.);
#56=B_SPLINE_CURVE_WITH_KNOTS('',3,(#3277,#3278,#3279,#3280,#3281,#3282,
#3283),.UNSPECIFIED.,.F.,.F.,(4,3,4),(-0.10799672678409,-0.0539983633920448,
0.),.UNSPECIFIED.);
#57=B_SPLINE_CURVE_WITH_KNOTS('',2,(#3303,#3304,#3305,#3306),
 .UNSPECIFIED.,.F.,.F.,(3,1,3),(0.,1.,2.),.UNSPECIFIED.);
#58=B_SPLINE_CURVE_WITH_KNOTS('',2,(#3317,#3318,#3319,#3320),
 .UNSPECIFIED.,.F.,.F.,(3,1,3),(0.,1.,2.),.UNSPECIFIED.);
#59=B_SPLINE_CURVE_WITH_KNOTS('',2,(#3331,#3332,#3333,#3334),
 .UNSPECIFIED.,.F.,.F.,(3,1,3),(0.,1.,2.),.UNSPECIFIED.);
#60=B_SPLINE_CURVE_WITH_KNOTS('',2,(#3345,#3346,#3347,#3348),
 .UNSPECIFIED.,.F.,.F.,(3,1,3),(0.,1.,2.),.UNSPECIFIED.);
#61=B_SPLINE_CURVE_WITH_KNOTS('',2,(#3359,#3360,#3361,#3362),
 .UNSPECIFIED.,.F.,.F.,(3,1,3),(0.,1.,2.),.UNSPECIFIED.);
#62=B_SPLINE_CURVE_WITH_KNOTS('',2,(#3385,#3386,#3387,#3388),
 .UNSPECIFIED.,.F.,.F.,(3,1,3),(0.,1.,2.),.UNSPECIFIED.);
#63=B_SPLINE_CURVE_WITH_KNOTS('',2,(#3399,#3400,#3401,#3402),
 .UNSPECIFIED.,.F.,.F.,(3,1,3),(0.,1.,2.),.UNSPECIFIED.);
#64=B_SPLINE_CURVE_WITH_KNOTS('',2,(#3413,#3414,#3415,#3416),
 .UNSPECIFIED.,.F.,.F.,(3,1,3),(0.,1.,2.),.UNSPECIFIED.);
#65=B_SPLINE_CURVE_WITH_KNOTS('',2,(#3427,#3428,#3429,#3430),
 .UNSPECIFIED.,.F.,.F.,(3,1,3),(0.,1.,2.),.UNSPECIFIED.);
#66=B_SPLINE_CURVE_WITH_KNOTS('',2,(#3441,#3442,#3443,#3444),
 .UNSPECIFIED.,.F.,.F.,(3,1,3),(0.,1.,2.),.UNSPECIFIED.);
#67=B_SPLINE_CURVE_WITH_KNOTS('',2,(#3463,#3464,#3465,#3466),
 .UNSPECIFIED.,.F.,.F.,(3,1,3),(0.,1.,2.),.UNSPECIFIED.);
#68=B_SPLINE_CURVE_WITH_KNOTS('',2,(#3477,#3478,#3479,#3480),
 .UNSPECIFIED.,.F.,.F.,(3,1,3),(0.,1.,2.),.UNSPECIFIED.);
#69=B_SPLINE_CURVE_WITH_KNOTS('',2,(#3491,#3492,#3493,#3494),
 .UNSPECIFIED.,.F.,.F.,(3,1,3),(0.,1.,2.),.UNSPECIFIED.);
#70=B_SPLINE_CURVE_WITH_KNOTS('',2,(#3505,#3506,#3507,#3508),
 .UNSPECIFIED.,.F.,.F.,(3,1,3),(0.,1.,2.),.UNSPECIFIED.);
#71=B_SPLINE_CURVE_WITH_KNOTS('',2,(#3523,#3524,#3525,#3526),
 .UNSPECIFIED.,.F.,.F.,(3,1,3),(0.,1.,2.),.UNSPECIFIED.);
#72=B_SPLINE_CURVE_WITH_KNOTS('',2,(#3537,#3538,#3539,#3540),
 .UNSPECIFIED.,.F.,.F.,(3,1,3),(0.,1.,2.),.UNSPECIFIED.);
#73=B_SPLINE_CURVE_WITH_KNOTS('',2,(#3551,#3552,#3553,#3554),
 .UNSPECIFIED.,.F.,.F.,(3,1,3),(0.,1.,2.),.UNSPECIFIED.);
#74=B_SPLINE_CURVE_WITH_KNOTS('',2,(#3565,#3566,#3567,#3568),
 .UNSPECIFIED.,.F.,.F.,(3,1,3),(0.,1.,2.),.UNSPECIFIED.);
#75=B_SPLINE_CURVE_WITH_KNOTS('',2,(#3579,#3580,#3581,#3582),
 .UNSPECIFIED.,.F.,.F.,(3,1,3),(0.,1.,2.),.UNSPECIFIED.);
#76=B_SPLINE_CURVE_WITH_KNOTS('',3,(#3643,#3644,#3645,#3646,#3647,#3648,
#3649),.UNSPECIFIED.,.F.,.F.,(4,3,4),(-0.230907701488004,-0.115453850744002,
0.),.UNSPECIFIED.);
#77=B_SPLINE_CURVE_WITH_KNOTS('',2,(#3707,#3708,#3709,#3710),
 .UNSPECIFIED.,.F.,.F.,(3,1,3),(0.,1.,2.),.UNSPECIFIED.);
#78=FACE_BOUND('',#284,.T.);
#79=FACE_BOUND('',#351,.T.);
#80=FACE_BOUND('',#361,.T.);
#81=FACE_BOUND('',#371,.T.);
#82=FACE_BOUND('',#381,.T.);
#83=FACE_BOUND('',#383,.T.);
#84=FACE_BOUND('',#384,.T.);
#85=FACE_BOUND('',#385,.T.);
#86=FACE_BOUND('',#386,.T.);
#87=FACE_BOUND('',#387,.T.);
#88=FACE_BOUND('',#388,.T.);
#89=FACE_BOUND('',#389,.T.);
#90=FACE_BOUND('',#390,.T.);
#91=FACE_BOUND('',#391,.T.);
#92=FACE_BOUND('',#396,.T.);
#93=FACE_BOUND('',#401,.T.);
#94=FACE_BOUND('',#415,.T.);
#95=CYLINDRICAL_SURFACE('',#2360,7.8);
#96=CYLINDRICAL_SURFACE('',#2363,7.80000000000001);
#97=CYLINDRICAL_SURFACE('',#2449,12.5);
#98=CYLINDRICAL_SURFACE('',#2457,25.);
#99=CYLINDRICAL_SURFACE('',#2460,18.);
#100=CYLINDRICAL_SURFACE('',#2476,7.79999999999997);
#101=CYLINDRICAL_SURFACE('',#2479,7.8);
#102=CIRCLE('',#2346,7.8);
#103=CIRCLE('',#2347,7.3);
#104=CIRCLE('',#2350,7.79999999999997);
#105=CIRCLE('',#2351,7.29999999999997);
#106=CIRCLE('',#2354,7.8);
#107=CIRCLE('',#2355,7.3);
#108=CIRCLE('',#2358,7.80000000000001);
#109=CIRCLE('',#2359,7.30000000000001);
#110=CIRCLE('',#2361,7.8);
#111=CIRCLE('',#2364,7.80000000000001);
#112=CIRCLE('',#2367,13.5);
#113=CIRCLE('',#2442,8.);
#114=CIRCLE('',#2443,8.);
#115=CIRCLE('',#2444,8.00000000000002);
#116=CIRCLE('',#2445,8.);
#117=CIRCLE('',#2446,25.);
#118=CIRCLE('',#2448,12.5);
#119=CIRCLE('',#2450,12.5);
#120=CIRCLE('',#2452,24.);
#121=CIRCLE('',#2453,25.);
#122=CIRCLE('',#2454,25.);
#123=CIRCLE('',#2456,19.);
#124=CIRCLE('',#2459,18.);
#125=CIRCLE('',#2461,18.);
#126=CIRCLE('',#2464,14.5);
#127=CIRCLE('',#2467,14.5);
#128=CIRCLE('',#2470,14.5);
#129=CIRCLE('',#2473,14.5);
#130=CIRCLE('',#2477,7.79999999999997);
#131=CIRCLE('',#2480,7.8);
#132=CONICAL_SURFACE('',#2345,7.55,0.785398163397448);
#133=CONICAL_SURFACE('',#2349,7.54999999999997,0.785398163397448);
#134=CONICAL_SURFACE('',#2353,7.55,0.785398163397448);
#135=CONICAL_SURFACE('',#2357,7.55000000000001,0.785398163397448);
#136=CONICAL_SURFACE('',#2447,13.,0.785398163397449);
#137=CONICAL_SURFACE('',#2451,24.5,0.785398163397449);
#138=CONICAL_SURFACE('',#2458,18.5,0.785398163397449);
#139=CONICAL_SURFACE('',#2463,8.00000000000002,0.785398163397448);
#140=CONICAL_SURFACE('',#2466,8.,0.785398163397448);
#141=CONICAL_SURFACE('',#2469,8.,0.785398163397448);
#142=CONICAL_SURFACE('',#2472,8.,0.785398163397448);
#143=FACE_OUTER_BOUND('',#271,.T.);
#144=FACE_OUTER_BOUND('',#272,.T.);
#145=FACE_OUTER_BOUND('',#273,.T.);
#146=FACE_OUTER_BOUND('',#274,.T.);
#147=FACE_OUTER_BOUND('',#275,.T.);
#148=FACE_OUTER_BOUND('',#276,.T.);
#149=FACE_OUTER_BOUND('',#277,.T.);
#150=FACE_OUTER_BOUND('',#278,.T.);
#151=FACE_OUTER_BOUND('',#279,.T.);
#152=FACE_OUTER_BOUND('',#280,.T.);
#153=FACE_OUTER_BOUND('',#281,.T.);
#154=FACE_OUTER_BOUND('',#282,.T.);
#155=FACE_OUTER_BOUND('',#283,.T.);
#156=FACE_OUTER_BOUND('',#285,.T.);
#157=FACE_OUTER_BOUND('',#286,.T.);
#158=FACE_OUTER_BOUND('',#287,.T.);
#159=FACE_OUTER_BOUND('',#288,.T.);
#160=FACE_OUTER_BOUND('',#289,.T.);
#161=FACE_OUTER_BOUND('',#290,.T.);
#162=FACE_OUTER_BOUND('',#291,.T.);
#163=FACE_OUTER_BOUND('',#292,.T.);
#164=FACE_OUTER_BOUND('',#293,.T.);
#165=FACE_OUTER_BOUND('',#294,.T.);
#166=FACE_OUTER_BOUND('',#295,.T.);
#167=FACE_OUTER_BOUND('',#296,.T.);
#168=FACE_OUTER_BOUND('',#297,.T.);
#169=FACE_OUTER_BOUND('',#298,.T.);
#170=FACE_OUTER_BOUND('',#299,.T.);
#171=FACE_OUTER_BOUND('',#300,.T.);
#172=FACE_OUTER_BOUND('',#301,.T.);
#173=FACE_OUTER_BOUND('',#302,.T.);
#174=FACE_OUTER_BOUND('',#303,.T.);
#175=FACE_OUTER_BOUND('',#304,.T.);
#176=FACE_OUTER_BOUND('',#305,.T.);
#177=FACE_OUTER_BOUND('',#306,.T.);
#178=FACE_OUTER_BOUND('',#307,.T.);
#179=FACE_OUTER_BOUND('',#308,.T.);
#180=FACE_OUTER_BOUND('',#309,.T.);
#181=FACE_OUTER_BOUND('',#310,.T.);
#182=FACE_OUTER_BOUND('',#311,.T.);
#183=FACE_OUTER_BOUND('',#312,.T.);
#184=FACE_OUTER_BOUND('',#313,.T.);
#185=FACE_OUTER_BOUND('',#314,.T.);
#186=FACE_OUTER_BOUND('',#315,.T.);
#187=FACE_OUTER_BOUND('',#316,.T.);
#188=FACE_OUTER_BOUND('',#317,.T.);
#189=FACE_OUTER_BOUND('',#318,.T.);
#190=FACE_OUTER_BOUND('',#319,.T.);
#191=FACE_OUTER_BOUND('',#320,.T.);
#192=FACE_OUTER_BOUND('',#321,.T.);
#193=FACE_OUTER_BOUND('',#322,.T.);
#194=FACE_OUTER_BOUND('',#323,.T.);
#195=FACE_OUTER_BOUND('',#324,.T.);
#196=FACE_OUTER_BOUND('',#325,.T.);
#197=FACE_OUTER_BOUND('',#326,.T.);
#198=FACE_OUTER_BOUND('',#327,.T.);
#199=FACE_OUTER_BOUND('',#328,.T.);
#200=FACE_OUTER_BOUND('',#329,.T.);
#201=FACE_OUTER_BOUND('',#330,.T.);
#202=FACE_OUTER_BOUND('',#331,.T.);
#203=FACE_OUTER_BOUND('',#332,.T.);
#204=FACE_OUTER_BOUND('',#333,.T.);
#205=FACE_OUTER_BOUND('',#334,.T.);
#206=FACE_OUTER_BOUND('',#335,.T.);
#207=FACE_OUTER_BOUND('',#336,.T.);
#208=FACE_OUTER_BOUND('',#337,.T.);
#209=FACE_OUTER_BOUND('',#338,.T.);
#210=FACE_OUTER_BOUND('',#339,.T.);
#211=FACE_OUTER_BOUND('',#340,.T.);
#212=FACE_OUTER_BOUND('',#341,.T.);
#213=FACE_OUTER_BOUND('',#342,.T.);
#214=FACE_OUTER_BOUND('',#343,.T.);
#215=FACE_OUTER_BOUND('',#344,.T.);
#216=FACE_OUTER_BOUND('',#345,.T.);
#217=FACE_OUTER_BOUND('',#346,.T.);
#218=FACE_OUTER_BOUND('',#347,.T.);
#219=FACE_OUTER_BOUND('',#348,.T.);
#220=FACE_OUTER_BOUND('',#349,.T.);
#221=FACE_OUTER_BOUND('',#350,.T.);
#222=FACE_OUTER_BOUND('',#352,.T.);
#223=FACE_OUTER_BOUND('',#353,.T.);
#224=FACE_OUTER_BOUND('',#354,.T.);
#225=FACE_OUTER_BOUND('',#355,.T.);
#226=FACE_OUTER_BOUND('',#356,.T.);
#227=FACE_OUTER_BOUND('',#357,.T.);
#228=FACE_OUTER_BOUND('',#358,.T.);
#229=FACE_OUTER_BOUND('',#359,.T.);
#230=FACE_OUTER_BOUND('',#360,.T.);
#231=FACE_OUTER_BOUND('',#362,.T.);
#232=FACE_OUTER_BOUND('',#363,.T.);
#233=FACE_OUTER_BOUND('',#364,.T.);
#234=FACE_OUTER_BOUND('',#365,.T.);
#235=FACE_OUTER_BOUND('',#366,.T.);
#236=FACE_OUTER_BOUND('',#367,.T.);
#237=FACE_OUTER_BOUND('',#368,.T.);
#238=FACE_OUTER_BOUND('',#369,.T.);
#239=FACE_OUTER_BOUND('',#370,.T.);
#240=FACE_OUTER_BOUND('',#372,.T.);
#241=FACE_OUTER_BOUND('',#373,.T.);
#242=FACE_OUTER_BOUND('',#374,.T.);
#243=FACE_OUTER_BOUND('',#375,.T.);
#244=FACE_OUTER_BOUND('',#376,.T.);
#245=FACE_OUTER_BOUND('',#377,.T.);
#246=FACE_OUTER_BOUND('',#378,.T.);
#247=FACE_OUTER_BOUND('',#379,.T.);
#248=FACE_OUTER_BOUND('',#380,.T.);
#249=FACE_OUTER_BOUND('',#382,.T.);
#250=FACE_OUTER_BOUND('',#392,.T.);
#251=FACE_OUTER_BOUND('',#393,.T.);
#252=FACE_OUTER_BOUND('',#394,.T.);
#253=FACE_OUTER_BOUND('',#395,.T.);
#254=FACE_OUTER_BOUND('',#397,.T.);
#255=FACE_OUTER_BOUND('',#398,.T.);
#256=FACE_OUTER_BOUND('',#399,.T.);
#257=FACE_OUTER_BOUND('',#400,.T.);
#258=FACE_OUTER_BOUND('',#402,.T.);
#259=FACE_OUTER_BOUND('',#403,.T.);
#260=FACE_OUTER_BOUND('',#404,.T.);
#261=FACE_OUTER_BOUND('',#405,.T.);
#262=FACE_OUTER_BOUND('',#406,.T.);
#263=FACE_OUTER_BOUND('',#407,.T.);
#264=FACE_OUTER_BOUND('',#408,.T.);
#265=FACE_OUTER_BOUND('',#409,.T.);
#266=FACE_OUTER_BOUND('',#410,.T.);
#267=FACE_OUTER_BOUND('',#411,.T.);
#268=FACE_OUTER_BOUND('',#412,.T.);
#269=FACE_OUTER_BOUND('',#413,.T.);
#270=FACE_OUTER_BOUND('',#414,.T.);
#271=EDGE_LOOP('',(#1457,#1458,#1459,#1460));
#272=EDGE_LOOP('',(#1461,#1462,#1463,#1464));
#273=EDGE_LOOP('',(#1465,#1466,#1467,#1468));
#274=EDGE_LOOP('',(#1469,#1470,#1471,#1472));
#275=EDGE_LOOP('',(#1473,#1474,#1475,#1476));
#276=EDGE_LOOP('',(#1477,#1478,#1479,#1480));
#277=EDGE_LOOP('',(#1481,#1482,#1483,#1484));
#278=EDGE_LOOP('',(#1485,#1486,#1487,#1488));
#279=EDGE_LOOP('',(#1489,#1490,#1491,#1492));
#280=EDGE_LOOP('',(#1493,#1494,#1495,#1496));
#281=EDGE_LOOP('',(#1497,#1498,#1499,#1500));
#282=EDGE_LOOP('',(#1501,#1502,#1503,#1504));
#283=EDGE_LOOP('',(#1505,#1506,#1507,#1508,#1509,#1510,#1511,#1512));
#284=EDGE_LOOP('',(#1513));
#285=EDGE_LOOP('',(#1514,#1515,#1516,#1517));
#286=EDGE_LOOP('',(#1518,#1519,#1520,#1521));
#287=EDGE_LOOP('',(#1522,#1523,#1524,#1525));
#288=EDGE_LOOP('',(#1526,#1527,#1528,#1529));
#289=EDGE_LOOP('',(#1530,#1531,#1532,#1533,#1534,#1535,#1536,#1537,#1538,
#1539,#1540,#1541,#1542,#1543,#1544,#1545,#1546,#1547,#1548,#1549,#1550,
#1551,#1552,#1553,#1554,#1555,#1556));
#290=EDGE_LOOP('',(#1557,#1558,#1559,#1560));
#291=EDGE_LOOP('',(#1561,#1562,#1563,#1564));
#292=EDGE_LOOP('',(#1565,#1566,#1567,#1568));
#293=EDGE_LOOP('',(#1569,#1570,#1571,#1572));
#294=EDGE_LOOP('',(#1573,#1574,#1575,#1576));
#295=EDGE_LOOP('',(#1577,#1578,#1579,#1580));
#296=EDGE_LOOP('',(#1581,#1582,#1583,#1584));
#297=EDGE_LOOP('',(#1585,#1586,#1587,#1588));
#298=EDGE_LOOP('',(#1589,#1590,#1591,#1592));
#299=EDGE_LOOP('',(#1593,#1594,#1595,#1596));
#300=EDGE_LOOP('',(#1597,#1598,#1599,#1600));
#301=EDGE_LOOP('',(#1601,#1602,#1603,#1604));
#302=EDGE_LOOP('',(#1605,#1606,#1607,#1608));
#303=EDGE_LOOP('',(#1609,#1610,#1611,#1612));
#304=EDGE_LOOP('',(#1613,#1614,#1615,#1616));
#305=EDGE_LOOP('',(#1617,#1618,#1619,#1620));
#306=EDGE_LOOP('',(#1621,#1622,#1623,#1624));
#307=EDGE_LOOP('',(#1625,#1626,#1627,#1628));
#308=EDGE_LOOP('',(#1629,#1630,#1631,#1632));
#309=EDGE_LOOP('',(#1633,#1634,#1635,#1636));
#310=EDGE_LOOP('',(#1637,#1638,#1639,#1640));
#311=EDGE_LOOP('',(#1641,#1642,#1643,#1644));
#312=EDGE_LOOP('',(#1645,#1646,#1647,#1648));
#313=EDGE_LOOP('',(#1649,#1650,#1651,#1652));
#314=EDGE_LOOP('',(#1653,#1654,#1655,#1656));
#315=EDGE_LOOP('',(#1657,#1658,#1659,#1660));
#316=EDGE_LOOP('',(#1661,#1662,#1663,#1664));
#317=EDGE_LOOP('',(#1665,#1666,#1667,#1668));
#318=EDGE_LOOP('',(#1669,#1670,#1671,#1672));
#319=EDGE_LOOP('',(#1673,#1674,#1675,#1676));
#320=EDGE_LOOP('',(#1677,#1678,#1679,#1680));
#321=EDGE_LOOP('',(#1681,#1682,#1683,#1684));
#322=EDGE_LOOP('',(#1685,#1686,#1687,#1688));
#323=EDGE_LOOP('',(#1689,#1690,#1691,#1692));
#324=EDGE_LOOP('',(#1693,#1694,#1695,#1696,#1697,#1698,#1699));
#325=EDGE_LOOP('',(#1700,#1701,#1702,#1703,#1704,#1705,#1706,#1707,#1708,
#1709,#1710));
#326=EDGE_LOOP('',(#1711,#1712,#1713,#1714));
#327=EDGE_LOOP('',(#1715,#1716,#1717,#1718));
#328=EDGE_LOOP('',(#1719,#1720,#1721,#1722));
#329=EDGE_LOOP('',(#1723,#1724,#1725,#1726));
#330=EDGE_LOOP('',(#1727,#1728,#1729,#1730));
#331=EDGE_LOOP('',(#1731,#1732,#1733,#1734));
#332=EDGE_LOOP('',(#1735,#1736,#1737,#1738));
#333=EDGE_LOOP('',(#1739,#1740,#1741,#1742));
#334=EDGE_LOOP('',(#1743,#1744,#1745,#1746));
#335=EDGE_LOOP('',(#1747,#1748,#1749,#1750));
#336=EDGE_LOOP('',(#1751,#1752,#1753,#1754));
#337=EDGE_LOOP('',(#1755,#1756,#1757,#1758));
#338=EDGE_LOOP('',(#1759,#1760,#1761,#1762));
#339=EDGE_LOOP('',(#1763,#1764,#1765,#1766));
#340=EDGE_LOOP('',(#1767,#1768,#1769,#1770));
#341=EDGE_LOOP('',(#1771,#1772,#1773,#1774));
#342=EDGE_LOOP('',(#1775,#1776,#1777,#1778));
#343=EDGE_LOOP('',(#1779,#1780,#1781,#1782));
#344=EDGE_LOOP('',(#1783,#1784,#1785,#1786));
#345=EDGE_LOOP('',(#1787,#1788,#1789,#1790));
#346=EDGE_LOOP('',(#1791,#1792,#1793,#1794));
#347=EDGE_LOOP('',(#1795,#1796,#1797,#1798));
#348=EDGE_LOOP('',(#1799,#1800,#1801,#1802));
#349=EDGE_LOOP('',(#1803,#1804,#1805,#1806));
#350=EDGE_LOOP('',(#1807,#1808,#1809,#1810));
#351=EDGE_LOOP('',(#1811,#1812,#1813,#1814));
#352=EDGE_LOOP('',(#1815,#1816,#1817,#1818));
#353=EDGE_LOOP('',(#1819,#1820,#1821,#1822));
#354=EDGE_LOOP('',(#1823,#1824,#1825,#1826));
#355=EDGE_LOOP('',(#1827,#1828,#1829,#1830));
#356=EDGE_LOOP('',(#1831,#1832,#1833,#1834));
#357=EDGE_LOOP('',(#1835,#1836,#1837,#1838));
#358=EDGE_LOOP('',(#1839,#1840,#1841,#1842));
#359=EDGE_LOOP('',(#1843,#1844,#1845,#1846));
#360=EDGE_LOOP('',(#1847,#1848,#1849,#1850));
#361=EDGE_LOOP('',(#1851,#1852,#1853,#1854));
#362=EDGE_LOOP('',(#1855,#1856,#1857,#1858));
#363=EDGE_LOOP('',(#1859,#1860,#1861,#1862));
#364=EDGE_LOOP('',(#1863,#1864,#1865,#1866));
#365=EDGE_LOOP('',(#1867,#1868,#1869,#1870));
#366=EDGE_LOOP('',(#1871,#1872,#1873,#1874));
#367=EDGE_LOOP('',(#1875,#1876,#1877,#1878));
#368=EDGE_LOOP('',(#1879,#1880,#1881,#1882));
#369=EDGE_LOOP('',(#1883,#1884,#1885,#1886));
#370=EDGE_LOOP('',(#1887,#1888,#1889,#1890));
#371=EDGE_LOOP('',(#1891,#1892,#1893,#1894));
#372=EDGE_LOOP('',(#1895,#1896,#1897,#1898));
#373=EDGE_LOOP('',(#1899,#1900,#1901,#1902));
#374=EDGE_LOOP('',(#1903,#1904,#1905,#1906));
#375=EDGE_LOOP('',(#1907,#1908,#1909,#1910));
#376=EDGE_LOOP('',(#1911,#1912,#1913,#1914));
#377=EDGE_LOOP('',(#1915,#1916,#1917,#1918));
#378=EDGE_LOOP('',(#1919,#1920,#1921,#1922));
#379=EDGE_LOOP('',(#1923,#1924,#1925,#1926));
#380=EDGE_LOOP('',(#1927,#1928,#1929,#1930));
#381=EDGE_LOOP('',(#1931,#1932,#1933,#1934));
#382=EDGE_LOOP('',(#1935,#1936,#1937,#1938,#1939,#1940,#1941,#1942));
#383=EDGE_LOOP('',(#1943,#1944,#1945,#1946,#1947,#1948,#1949,#1950,#1951,
#1952,#1953,#1954,#1955,#1956,#1957,#1958,#1959,#1960,#1961,#1962,#1963,
#1964,#1965,#1966,#1967,#1968,#1969));
#384=EDGE_LOOP('',(#1970,#1971,#1972,#1973,#1974,#1975,#1976));
#385=EDGE_LOOP('',(#1977,#1978,#1979,#1980,#1981,#1982,#1983,#1984,#1985,
#1986,#1987));
#386=EDGE_LOOP('',(#1988,#1989,#1990,#1991));
#387=EDGE_LOOP('',(#1992,#1993,#1994,#1995));
#388=EDGE_LOOP('',(#1996,#1997,#1998,#1999));
#389=EDGE_LOOP('',(#2000,#2001,#2002,#2003));
#390=EDGE_LOOP('',(#2004,#2005,#2006,#2007));
#391=EDGE_LOOP('',(#2008));
#392=EDGE_LOOP('',(#2009,#2010,#2011,#2012));
#393=EDGE_LOOP('',(#2013,#2014,#2015,#2016));
#394=EDGE_LOOP('',(#2017,#2018,#2019,#2020,#2021));
#395=EDGE_LOOP('',(#2022));
#396=EDGE_LOOP('',(#2023));
#397=EDGE_LOOP('',(#2024,#2025,#2026,#2027,#2028));
#398=EDGE_LOOP('',(#2029,#2030,#2031,#2032));
#399=EDGE_LOOP('',(#2033,#2034,#2035,#2036));
#400=EDGE_LOOP('',(#2037));
#401=EDGE_LOOP('',(#2038));
#402=EDGE_LOOP('',(#2039,#2040,#2041,#2042));
#403=EDGE_LOOP('',(#2043,#2044,#2045,#2046));
#404=EDGE_LOOP('',(#2047,#2048,#2049,#2050));
#405=EDGE_LOOP('',(#2051,#2052,#2053,#2054));
#406=EDGE_LOOP('',(#2055,#2056,#2057,#2058));
#407=EDGE_LOOP('',(#2059,#2060,#2061,#2062));
#408=EDGE_LOOP('',(#2063,#2064,#2065,#2066));
#409=EDGE_LOOP('',(#2067,#2068,#2069,#2070));
#410=EDGE_LOOP('',(#2071,#2072,#2073,#2074));
#411=EDGE_LOOP('',(#2075,#2076,#2077,#2078));
#412=EDGE_LOOP('',(#2079,#2080,#2081,#2082));
#413=EDGE_LOOP('',(#2083,#2084,#2085,#2086));
#414=EDGE_LOOP('',(#2087,#2088,#2089,#2090,#2091,#2092,#2093,#2094));
#415=EDGE_LOOP('',(#2095,#2096,#2097,#2098,#2099,#2100,#2101,#2102));
#416=LINE('',#3017,#669);
#417=LINE('',#3019,#670);
#418=LINE('',#3021,#671);
#419=LINE('',#3022,#672);
#420=LINE('',#3026,#673);
#421=LINE('',#3032,#674);
#422=LINE('',#3033,#675);
#423=LINE('',#3034,#676);
#424=LINE('',#3038,#677);
#425=LINE('',#3044,#678);
#426=LINE('',#3045,#679);
#427=LINE('',#3046,#680);
#428=LINE('',#3050,#681);
#429=LINE('',#3056,#682);
#430=LINE('',#3057,#683);
#431=LINE('',#3058,#684);
#432=LINE('',#3064,#685);
#433=LINE('',#3067,#686);
#434=LINE('',#3070,#687);
#435=LINE('',#3071,#688);
#436=LINE('',#3074,#689);
#437=LINE('',#3078,#690);
#438=LINE('',#3079,#691);
#439=LINE('',#3086,#692);
#440=LINE('',#3088,#693);
#441=LINE('',#3090,#694);
#442=LINE('',#3091,#695);
#443=LINE('',#3095,#696);
#444=LINE('',#3097,#697);
#445=LINE('',#3099,#698);
#446=LINE('',#3100,#699);
#447=LINE('',#3104,#700);
#448=LINE('',#3106,#701);
#449=LINE('',#3108,#702);
#450=LINE('',#3109,#703);
#451=LINE('',#3113,#704);
#452=LINE('',#3115,#705);
#453=LINE('',#3117,#706);
#454=LINE('',#3118,#707);
#455=LINE('',#3163,#708);
#456=LINE('',#3165,#709);
#457=LINE('',#3167,#710);
#458=LINE('',#3207,#711);
#459=LINE('',#3209,#712);
#460=LINE('',#3251,#713);
#461=LINE('',#3285,#714);
#462=LINE('',#3286,#715);
#463=LINE('',#3289,#716);
#464=LINE('',#3291,#717);
#465=LINE('',#3292,#718);
#466=LINE('',#3302,#719);
#467=LINE('',#3316,#720);
#468=LINE('',#3330,#721);
#469=LINE('',#3344,#722);
#470=LINE('',#3358,#723);
#471=LINE('',#3365,#724);
#472=LINE('',#3366,#725);
#473=LINE('',#3369,#726);
#474=LINE('',#3370,#727);
#475=LINE('',#3373,#728);
#476=LINE('',#3374,#729);
#477=LINE('',#3384,#730);
#478=LINE('',#3398,#731);
#479=LINE('',#3412,#732);
#480=LINE('',#3426,#733);
#481=LINE('',#3440,#734);
#482=LINE('',#3447,#735);
#483=LINE('',#3448,#736);
#484=LINE('',#3451,#737);
#485=LINE('',#3452,#738);
#486=LINE('',#3462,#739);
#487=LINE('',#3476,#740);
#488=LINE('',#3490,#741);
#489=LINE('',#3504,#742);
#490=LINE('',#3511,#743);
#491=LINE('',#3512,#744);
#492=LINE('',#3522,#745);
#493=LINE('',#3536,#746);
#494=LINE('',#3550,#747);
#495=LINE('',#3564,#748);
#496=LINE('',#3578,#749);
#497=LINE('',#3584,#750);
#498=LINE('',#3588,#751);
#499=LINE('',#3590,#752);
#500=LINE('',#3592,#753);
#501=LINE('',#3593,#754);
#502=LINE('',#3596,#755);
#503=LINE('',#3598,#756);
#504=LINE('',#3599,#757);
#505=LINE('',#3602,#758);
#506=LINE('',#3604,#759);
#507=LINE('',#3605,#760);
#508=LINE('',#3608,#761);
#509=LINE('',#3610,#762);
#510=LINE('',#3611,#763);
#511=LINE('',#3614,#764);
#512=LINE('',#3616,#765);
#513=LINE('',#3617,#766);
#514=LINE('',#3620,#767);
#515=LINE('',#3622,#768);
#516=LINE('',#3623,#769);
#517=LINE('',#3625,#770);
#518=LINE('',#3626,#771);
#519=LINE('',#3631,#772);
#520=LINE('',#3633,#773);
#521=LINE('',#3635,#774);
#522=LINE('',#3637,#775);
#523=LINE('',#3639,#776);
#524=LINE('',#3641,#777);
#525=LINE('',#3651,#778);
#526=LINE('',#3653,#779);
#527=LINE('',#3655,#780);
#528=LINE('',#3656,#781);
#529=LINE('',#3659,#782);
#530=LINE('',#3661,#783);
#531=LINE('',#3662,#784);
#532=LINE('',#3665,#785);
#533=LINE('',#3666,#786);
#534=LINE('',#3669,#787);
#535=LINE('',#3670,#788);
#536=LINE('',#3673,#789);
#537=LINE('',#3674,#790);
#538=LINE('',#3677,#791);
#539=LINE('',#3678,#792);
#540=LINE('',#3681,#793);
#541=LINE('',#3682,#794);
#542=LINE('',#3685,#795);
#543=LINE('',#3686,#796);
#544=LINE('',#3689,#797);
#545=LINE('',#3690,#798);
#546=LINE('',#3693,#799);
#547=LINE('',#3694,#800);
#548=LINE('',#3697,#801);
#549=LINE('',#3698,#802);
#550=LINE('',#3714,#803);
#551=LINE('',#3716,#804);
#552=LINE('',#3718,#805);
#553=LINE('',#3719,#806);
#554=LINE('',#3722,#807);
#555=LINE('',#3724,#808);
#556=LINE('',#3725,#809);
#557=LINE('',#3728,#810);
#558=LINE('',#3730,#811);
#559=LINE('',#3731,#812);
#560=LINE('',#3733,#813);
#561=LINE('',#3734,#814);
#562=LINE('',#3738,#815);
#563=LINE('',#3740,#816);
#564=LINE('',#3741,#817);
#565=LINE('',#3744,#818);
#566=LINE('',#3745,#819);
#567=LINE('',#3748,#820);
#568=LINE('',#3749,#821);
#569=LINE('',#3751,#822);
#570=LINE('',#3755,#823);
#571=LINE('',#3757,#824);
#572=LINE('',#3759,#825);
#573=LINE('',#3760,#826);
#574=LINE('',#3763,#827);
#575=LINE('',#3765,#828);
#576=LINE('',#3766,#829);
#577=LINE('',#3769,#830);
#578=LINE('',#3771,#831);
#579=LINE('',#3772,#832);
#580=LINE('',#3774,#833);
#581=LINE('',#3775,#834);
#582=LINE('',#3779,#835);
#583=LINE('',#3781,#836);
#584=LINE('',#3782,#837);
#585=LINE('',#3785,#838);
#586=LINE('',#3786,#839);
#587=LINE('',#3789,#840);
#588=LINE('',#3790,#841);
#589=LINE('',#3792,#842);
#590=LINE('',#3796,#843);
#591=LINE('',#3798,#844);
#592=LINE('',#3800,#845);
#593=LINE('',#3801,#846);
#594=LINE('',#3804,#847);
#595=LINE('',#3806,#848);
#596=LINE('',#3807,#849);
#597=LINE('',#3810,#850);
#598=LINE('',#3812,#851);
#599=LINE('',#3813,#852);
#600=LINE('',#3815,#853);
#601=LINE('',#3816,#854);
#602=LINE('',#3820,#855);
#603=LINE('',#3822,#856);
#604=LINE('',#3823,#857);
#605=LINE('',#3826,#858);
#606=LINE('',#3827,#859);
#607=LINE('',#3830,#860);
#608=LINE('',#3831,#861);
#609=LINE('',#3833,#862);
#610=LINE('',#3837,#863);
#611=LINE('',#3839,#864);
#612=LINE('',#3841,#865);
#613=LINE('',#3842,#866);
#614=LINE('',#3845,#867);
#615=LINE('',#3847,#868);
#616=LINE('',#3848,#869);
#617=LINE('',#3851,#870);
#618=LINE('',#3853,#871);
#619=LINE('',#3854,#872);
#620=LINE('',#3856,#873);
#621=LINE('',#3857,#874);
#622=LINE('',#3861,#875);
#623=LINE('',#3863,#876);
#624=LINE('',#3864,#877);
#625=LINE('',#3867,#878);
#626=LINE('',#3868,#879);
#627=LINE('',#3871,#880);
#628=LINE('',#3872,#881);
#629=LINE('',#3874,#882);
#630=LINE('',#3878,#883);
#631=LINE('',#3880,#884);
#632=LINE('',#3882,#885);
#633=LINE('',#3883,#886);
#634=LINE('',#3886,#887);
#635=LINE('',#3888,#888);
#636=LINE('',#3889,#889);
#637=LINE('',#3892,#890);
#638=LINE('',#3894,#891);
#639=LINE('',#3895,#892);
#640=LINE('',#3897,#893);
#641=LINE('',#3898,#894);
#642=LINE('',#3905,#895);
#643=LINE('',#3909,#896);
#644=LINE('',#3913,#897);
#645=LINE('',#3916,#898);
#646=LINE('',#3921,#899);
#647=LINE('',#3926,#900);
#648=LINE('',#3931,#901);
#649=LINE('',#3939,#902);
#650=LINE('',#3942,#903);
#651=LINE('',#3946,#904);
#652=LINE('',#3951,#905);
#653=LINE('',#3954,#906);
#654=LINE('',#3957,#907);
#655=LINE('',#3958,#908);
#656=LINE('',#3961,#909);
#657=LINE('',#3965,#910);
#658=LINE('',#3966,#911);
#659=LINE('',#3969,#912);
#660=LINE('',#3973,#913);
#661=LINE('',#3974,#914);
#662=LINE('',#3978,#915);
#663=LINE('',#3980,#916);
#664=LINE('',#3983,#917);
#665=LINE('',#3984,#918);
#666=LINE('',#3988,#919);
#667=LINE('',#3991,#920);
#668=LINE('',#3992,#921);
#669=VECTOR('',#2486,10.);
#670=VECTOR('',#2487,10.);
#671=VECTOR('',#2488,10.);
#672=VECTOR('',#2489,10.);
#673=VECTOR('',#2492,10.);
#674=VECTOR('',#2499,10.);
#675=VECTOR('',#2500,10.);
#676=VECTOR('',#2501,10.);
#677=VECTOR('',#2504,10.);
#678=VECTOR('',#2511,10.);
#679=VECTOR('',#2512,10.);
#680=VECTOR('',#2513,10.);
#681=VECTOR('',#2516,10.);
#682=VECTOR('',#2523,10.);
#683=VECTOR('',#2524,10.);
#684=VECTOR('',#2525,10.);
#685=VECTOR('',#2534,10.);
#686=VECTOR('',#2537,10.);
#687=VECTOR('',#2540,10.);
#688=VECTOR('',#2541,10.);
#689=VECTOR('',#2544,10.);
#690=VECTOR('',#2549,10.);
#691=VECTOR('',#2550,10.);
#692=VECTOR('',#2557,10.);
#693=VECTOR('',#2558,10.);
#694=VECTOR('',#2559,10.);
#695=VECTOR('',#2560,10.);
#696=VECTOR('',#2563,10.);
#697=VECTOR('',#2564,10.);
#698=VECTOR('',#2565,10.);
#699=VECTOR('',#2566,10.);
#700=VECTOR('',#2569,10.);
#701=VECTOR('',#2570,10.);
#702=VECTOR('',#2571,10.);
#703=VECTOR('',#2572,10.);
#704=VECTOR('',#2575,10.);
#705=VECTOR('',#2576,10.);
#706=VECTOR('',#2577,10.);
#707=VECTOR('',#2578,10.);
#708=VECTOR('',#2581,10.);
#709=VECTOR('',#2582,10.);
#710=VECTOR('',#2583,10.);
#711=VECTOR('',#2584,10.);
#712=VECTOR('',#2585,10.);
#713=VECTOR('',#2586,10.);
#714=VECTOR('',#2587,10.);
#715=VECTOR('',#2588,10.);
#716=VECTOR('',#2591,10.);
#717=VECTOR('',#2592,10.);
#718=VECTOR('',#2593,10.);
#719=VECTOR('',#2594,10.);
#720=VECTOR('',#2595,10.);
#721=VECTOR('',#2596,10.);
#722=VECTOR('',#2597,10.);
#723=VECTOR('',#2598,10.);
#724=VECTOR('',#2601,10.);
#725=VECTOR('',#2602,10.);
#726=VECTOR('',#2605,10.);
#727=VECTOR('',#2606,10.);
#728=VECTOR('',#2609,10.);
#729=VECTOR('',#2610,10.);
#730=VECTOR('',#2611,10.);
#731=VECTOR('',#2612,10.);
#732=VECTOR('',#2613,10.);
#733=VECTOR('',#2614,10.);
#734=VECTOR('',#2615,10.);
#735=VECTOR('',#2618,10.);
#736=VECTOR('',#2619,10.);
#737=VECTOR('',#2622,10.);
#738=VECTOR('',#2623,10.);
#739=VECTOR('',#2624,10.);
#740=VECTOR('',#2625,10.);
#741=VECTOR('',#2626,10.);
#742=VECTOR('',#2627,10.);
#743=VECTOR('',#2630,10.);
#744=VECTOR('',#2631,10.);
#745=VECTOR('',#2632,10.);
#746=VECTOR('',#2633,10.);
#747=VECTOR('',#2634,10.);
#748=VECTOR('',#2635,10.);
#749=VECTOR('',#2636,10.);
#750=VECTOR('',#2639,10.);
#751=VECTOR('',#2642,10.);
#752=VECTOR('',#2643,10.);
#753=VECTOR('',#2644,10.);
#754=VECTOR('',#2645,10.);
#755=VECTOR('',#2648,10.);
#756=VECTOR('',#2649,10.);
#757=VECTOR('',#2650,10.);
#758=VECTOR('',#2653,10.);
#759=VECTOR('',#2654,10.);
#760=VECTOR('',#2655,10.);
#761=VECTOR('',#2658,10.);
#762=VECTOR('',#2659,10.);
#763=VECTOR('',#2660,10.);
#764=VECTOR('',#2663,10.);
#765=VECTOR('',#2664,10.);
#766=VECTOR('',#2665,10.);
#767=VECTOR('',#2668,10.);
#768=VECTOR('',#2669,10.);
#769=VECTOR('',#2670,10.);
#770=VECTOR('',#2673,10.);
#771=VECTOR('',#2674,10.);
#772=VECTOR('',#2679,10.);
#773=VECTOR('',#2680,10.);
#774=VECTOR('',#2681,10.);
#775=VECTOR('',#2682,10.);
#776=VECTOR('',#2683,10.);
#777=VECTOR('',#2684,10.);
#778=VECTOR('',#2685,10.);
#779=VECTOR('',#2686,10.);
#780=VECTOR('',#2687,10.);
#781=VECTOR('',#2688,10.);
#782=VECTOR('',#2691,10.);
#783=VECTOR('',#2692,10.);
#784=VECTOR('',#2693,10.);
#785=VECTOR('',#2696,10.);
#786=VECTOR('',#2697,10.);
#787=VECTOR('',#2700,10.);
#788=VECTOR('',#2701,10.);
#789=VECTOR('',#2704,10.);
#790=VECTOR('',#2705,10.);
#791=VECTOR('',#2708,10.);
#792=VECTOR('',#2709,10.);
#793=VECTOR('',#2712,10.);
#794=VECTOR('',#2713,10.);
#795=VECTOR('',#2716,10.);
#796=VECTOR('',#2717,10.);
#797=VECTOR('',#2720,10.);
#798=VECTOR('',#2721,10.);
#799=VECTOR('',#2724,10.);
#800=VECTOR('',#2725,10.);
#801=VECTOR('',#2728,10.);
#802=VECTOR('',#2729,10.);
#803=VECTOR('',#2732,10.);
#804=VECTOR('',#2733,10.);
#805=VECTOR('',#2734,10.);
#806=VECTOR('',#2735,10.);
#807=VECTOR('',#2738,10.);
#808=VECTOR('',#2739,10.);
#809=VECTOR('',#2740,10.);
#810=VECTOR('',#2743,10.);
#811=VECTOR('',#2744,10.);
#812=VECTOR('',#2745,10.);
#813=VECTOR('',#2748,10.);
#814=VECTOR('',#2749,10.);
#815=VECTOR('',#2754,10.);
#816=VECTOR('',#2755,10.);
#817=VECTOR('',#2756,10.);
#818=VECTOR('',#2759,10.);
#819=VECTOR('',#2760,10.);
#820=VECTOR('',#2763,10.);
#821=VECTOR('',#2764,10.);
#822=VECTOR('',#2767,10.);
#823=VECTOR('',#2770,10.);
#824=VECTOR('',#2771,10.);
#825=VECTOR('',#2772,10.);
#826=VECTOR('',#2773,10.);
#827=VECTOR('',#2776,10.);
#828=VECTOR('',#2777,10.);
#829=VECTOR('',#2778,10.);
#830=VECTOR('',#2781,10.);
#831=VECTOR('',#2782,10.);
#832=VECTOR('',#2783,10.);
#833=VECTOR('',#2786,10.);
#834=VECTOR('',#2787,10.);
#835=VECTOR('',#2792,10.);
#836=VECTOR('',#2793,10.);
#837=VECTOR('',#2794,10.);
#838=VECTOR('',#2797,10.);
#839=VECTOR('',#2798,10.);
#840=VECTOR('',#2801,10.);
#841=VECTOR('',#2802,10.);
#842=VECTOR('',#2805,10.);
#843=VECTOR('',#2808,10.);
#844=VECTOR('',#2809,10.);
#845=VECTOR('',#2810,10.);
#846=VECTOR('',#2811,10.);
#847=VECTOR('',#2814,10.);
#848=VECTOR('',#2815,10.);
#849=VECTOR('',#2816,10.);
#850=VECTOR('',#2819,10.);
#851=VECTOR('',#2820,10.);
#852=VECTOR('',#2821,10.);
#853=VECTOR('',#2824,10.);
#854=VECTOR('',#2825,10.);
#855=VECTOR('',#2830,10.);
#856=VECTOR('',#2831,10.);
#857=VECTOR('',#2832,10.);
#858=VECTOR('',#2835,10.);
#859=VECTOR('',#2836,10.);
#860=VECTOR('',#2839,10.);
#861=VECTOR('',#2840,10.);
#862=VECTOR('',#2843,10.);
#863=VECTOR('',#2846,10.);
#864=VECTOR('',#2847,10.);
#865=VECTOR('',#2848,10.);
#866=VECTOR('',#2849,10.);
#867=VECTOR('',#2852,10.);
#868=VECTOR('',#2853,10.);
#869=VECTOR('',#2854,10.);
#870=VECTOR('',#2857,10.);
#871=VECTOR('',#2858,10.);
#872=VECTOR('',#2859,10.);
#873=VECTOR('',#2862,10.);
#874=VECTOR('',#2863,10.);
#875=VECTOR('',#2868,10.);
#876=VECTOR('',#2869,10.);
#877=VECTOR('',#2870,10.);
#878=VECTOR('',#2873,10.);
#879=VECTOR('',#2874,10.);
#880=VECTOR('',#2877,10.);
#881=VECTOR('',#2878,10.);
#882=VECTOR('',#2881,10.);
#883=VECTOR('',#2884,10.);
#884=VECTOR('',#2885,10.);
#885=VECTOR('',#2886,10.);
#886=VECTOR('',#2887,10.);
#887=VECTOR('',#2890,10.);
#888=VECTOR('',#2891,10.);
#889=VECTOR('',#2892,10.);
#890=VECTOR('',#2895,10.);
#891=VECTOR('',#2896,10.);
#892=VECTOR('',#2897,10.);
#893=VECTOR('',#2900,10.);
#894=VECTOR('',#2901,10.);
#895=VECTOR('',#2908,10.);
#896=VECTOR('',#2911,10.);
#897=VECTOR('',#2914,10.);
#898=VECTOR('',#2917,10.);
#899=VECTOR('',#2922,13.);
#900=VECTOR('',#2929,12.5);
#901=VECTOR('',#2934,24.5);
#902=VECTOR('',#2945,25.);
#903=VECTOR('',#2948,18.5);
#904=VECTOR('',#2953,18.);
#905=VECTOR('',#2960,10.);
#906=VECTOR('',#2963,10.);
#907=VECTOR('',#2966,10.);
#908=VECTOR('',#2967,10.);
#909=VECTOR('',#2970,10.);
#910=VECTOR('',#2975,10.);
#911=VECTOR('',#2976,10.);
#912=VECTOR('',#2979,10.);
#913=VECTOR('',#2984,10.);
#914=VECTOR('',#2985,10.);
#915=VECTOR('',#2990,10.);
#916=VECTOR('',#2993,10.);
#917=VECTOR('',#2996,10.);
#918=VECTOR('',#2997,10.);
#919=VECTOR('',#3002,10.);
#920=VECTOR('',#3005,10.);
#921=VECTOR('',#3006,10.);
#922=VERTEX_POINT('',#3015);
#923=VERTEX_POINT('',#3016);
#924=VERTEX_POINT('',#3018);
#925=VERTEX_POINT('',#3020);
#926=VERTEX_POINT('',#3024);
#927=VERTEX_POINT('',#3025);
#928=VERTEX_POINT('',#3030);
#929=VERTEX_POINT('',#3031);
#930=VERTEX_POINT('',#3036);
#931=VERTEX_POINT('',#3037);
#932=VERTEX_POINT('',#3042);
#933=VERTEX_POINT('',#3043);
#934=VERTEX_POINT('',#3048);
#935=VERTEX_POINT('',#3049);
#936=VERTEX_POINT('',#3054);
#937=VERTEX_POINT('',#3055);
#938=VERTEX_POINT('',#3063);
#939=VERTEX_POINT('',#3065);
#940=VERTEX_POINT('',#3069);
#941=VERTEX_POINT('',#3073);
#942=VERTEX_POINT('',#3077);
#943=VERTEX_POINT('',#3081);
#944=VERTEX_POINT('',#3084);
#945=VERTEX_POINT('',#3085);
#946=VERTEX_POINT('',#3087);
#947=VERTEX_POINT('',#3089);
#948=VERTEX_POINT('',#3093);
#949=VERTEX_POINT('',#3094);
#950=VERTEX_POINT('',#3096);
#951=VERTEX_POINT('',#3098);
#952=VERTEX_POINT('',#3102);
#953=VERTEX_POINT('',#3103);
#954=VERTEX_POINT('',#3105);
#955=VERTEX_POINT('',#3107);
#956=VERTEX_POINT('',#3111);
#957=VERTEX_POINT('',#3112);
#958=VERTEX_POINT('',#3114);
#959=VERTEX_POINT('',#3116);
#960=VERTEX_POINT('',#3120);
#961=VERTEX_POINT('',#3121);
#962=VERTEX_POINT('',#3129);
#963=VERTEX_POINT('',#3137);
#964=VERTEX_POINT('',#3145);
#965=VERTEX_POINT('',#3154);
#966=VERTEX_POINT('',#3162);
#967=VERTEX_POINT('',#3164);
#968=VERTEX_POINT('',#3166);
#969=VERTEX_POINT('',#3168);
#970=VERTEX_POINT('',#3175);
#971=VERTEX_POINT('',#3183);
#972=VERTEX_POINT('',#3190);
#973=VERTEX_POINT('',#3198);
#974=VERTEX_POINT('',#3206);
#975=VERTEX_POINT('',#3208);
#976=VERTEX_POINT('',#3210);
#977=VERTEX_POINT('',#3218);
#978=VERTEX_POINT('',#3226);
#979=VERTEX_POINT('',#3234);
#980=VERTEX_POINT('',#3242);
#981=VERTEX_POINT('',#3250);
#982=VERTEX_POINT('',#3252);
#983=VERTEX_POINT('',#3260);
#984=VERTEX_POINT('',#3268);
#985=VERTEX_POINT('',#3276);
#986=VERTEX_POINT('',#3284);
#987=VERTEX_POINT('',#3288);
#988=VERTEX_POINT('',#3290);
#989=VERTEX_POINT('',#3301);
#990=VERTEX_POINT('',#3315);
#991=VERTEX_POINT('',#3329);
#992=VERTEX_POINT('',#3343);
#993=VERTEX_POINT('',#3357);
#994=VERTEX_POINT('',#3364);
#995=VERTEX_POINT('',#3368);
#996=VERTEX_POINT('',#3372);
#997=VERTEX_POINT('',#3383);
#998=VERTEX_POINT('',#3397);
#999=VERTEX_POINT('',#3411);
#1000=VERTEX_POINT('',#3425);
#1001=VERTEX_POINT('',#3439);
#1002=VERTEX_POINT('',#3446);
#1003=VERTEX_POINT('',#3450);
#1004=VERTEX_POINT('',#3461);
#1005=VERTEX_POINT('',#3475);
#1006=VERTEX_POINT('',#3489);
#1007=VERTEX_POINT('',#3503);
#1008=VERTEX_POINT('',#3510);
#1009=VERTEX_POINT('',#3521);
#1010=VERTEX_POINT('',#3535);
#1011=VERTEX_POINT('',#3549);
#1012=VERTEX_POINT('',#3563);
#1013=VERTEX_POINT('',#3577);
#1014=VERTEX_POINT('',#3586);
#1015=VERTEX_POINT('',#3587);
#1016=VERTEX_POINT('',#3589);
#1017=VERTEX_POINT('',#3591);
#1018=VERTEX_POINT('',#3595);
#1019=VERTEX_POINT('',#3597);
#1020=VERTEX_POINT('',#3601);
#1021=VERTEX_POINT('',#3603);
#1022=VERTEX_POINT('',#3607);
#1023=VERTEX_POINT('',#3609);
#1024=VERTEX_POINT('',#3613);
#1025=VERTEX_POINT('',#3615);
#1026=VERTEX_POINT('',#3619);
#1027=VERTEX_POINT('',#3621);
#1028=VERTEX_POINT('',#3629);
#1029=VERTEX_POINT('',#3630);
#1030=VERTEX_POINT('',#3632);
#1031=VERTEX_POINT('',#3634);
#1032=VERTEX_POINT('',#3636);
#1033=VERTEX_POINT('',#3638);
#1034=VERTEX_POINT('',#3640);
#1035=VERTEX_POINT('',#3642);
#1036=VERTEX_POINT('',#3650);
#1037=VERTEX_POINT('',#3652);
#1038=VERTEX_POINT('',#3654);
#1039=VERTEX_POINT('',#3658);
#1040=VERTEX_POINT('',#3660);
#1041=VERTEX_POINT('',#3664);
#1042=VERTEX_POINT('',#3668);
#1043=VERTEX_POINT('',#3672);
#1044=VERTEX_POINT('',#3676);
#1045=VERTEX_POINT('',#3680);
#1046=VERTEX_POINT('',#3684);
#1047=VERTEX_POINT('',#3688);
#1048=VERTEX_POINT('',#3692);
#1049=VERTEX_POINT('',#3696);
#1050=VERTEX_POINT('',#3712);
#1051=VERTEX_POINT('',#3713);
#1052=VERTEX_POINT('',#3715);
#1053=VERTEX_POINT('',#3717);
#1054=VERTEX_POINT('',#3721);
#1055=VERTEX_POINT('',#3723);
#1056=VERTEX_POINT('',#3727);
#1057=VERTEX_POINT('',#3729);
#1058=VERTEX_POINT('',#3737);
#1059=VERTEX_POINT('',#3739);
#1060=VERTEX_POINT('',#3743);
#1061=VERTEX_POINT('',#3747);
#1062=VERTEX_POINT('',#3753);
#1063=VERTEX_POINT('',#3754);
#1064=VERTEX_POINT('',#3756);
#1065=VERTEX_POINT('',#3758);
#1066=VERTEX_POINT('',#3762);
#1067=VERTEX_POINT('',#3764);
#1068=VERTEX_POINT('',#3768);
#1069=VERTEX_POINT('',#3770);
#1070=VERTEX_POINT('',#3778);
#1071=VERTEX_POINT('',#3780);
#1072=VERTEX_POINT('',#3784);
#1073=VERTEX_POINT('',#3788);
#1074=VERTEX_POINT('',#3794);
#1075=VERTEX_POINT('',#3795);
#1076=VERTEX_POINT('',#3797);
#1077=VERTEX_POINT('',#3799);
#1078=VERTEX_POINT('',#3803);
#1079=VERTEX_POINT('',#3805);
#1080=VERTEX_POINT('',#3809);
#1081=VERTEX_POINT('',#3811);
#1082=VERTEX_POINT('',#3819);
#1083=VERTEX_POINT('',#3821);
#1084=VERTEX_POINT('',#3825);
#1085=VERTEX_POINT('',#3829);
#1086=VERTEX_POINT('',#3835);
#1087=VERTEX_POINT('',#3836);
#1088=VERTEX_POINT('',#3838);
#1089=VERTEX_POINT('',#3840);
#1090=VERTEX_POINT('',#3844);
#1091=VERTEX_POINT('',#3846);
#1092=VERTEX_POINT('',#3850);
#1093=VERTEX_POINT('',#3852);
#1094=VERTEX_POINT('',#3860);
#1095=VERTEX_POINT('',#3862);
#1096=VERTEX_POINT('',#3866);
#1097=VERTEX_POINT('',#3870);
#1098=VERTEX_POINT('',#3876);
#1099=VERTEX_POINT('',#3877);
#1100=VERTEX_POINT('',#3879);
#1101=VERTEX_POINT('',#3881);
#1102=VERTEX_POINT('',#3885);
#1103=VERTEX_POINT('',#3887);
#1104=VERTEX_POINT('',#3891);
#1105=VERTEX_POINT('',#3893);
#1106=VERTEX_POINT('',#3901);
#1107=VERTEX_POINT('',#3902);
#1108=VERTEX_POINT('',#3904);
#1109=VERTEX_POINT('',#3906);
#1110=VERTEX_POINT('',#3908);
#1111=VERTEX_POINT('',#3910);
#1112=VERTEX_POINT('',#3912);
#1113=VERTEX_POINT('',#3914);
#1114=VERTEX_POINT('',#3917);
#1115=VERTEX_POINT('',#3920);
#1116=VERTEX_POINT('',#3924);
#1117=VERTEX_POINT('',#3928);
#1118=VERTEX_POINT('',#3930);
#1119=VERTEX_POINT('',#3932);
#1120=VERTEX_POINT('',#3936);
#1121=VERTEX_POINT('',#3941);
#1122=VERTEX_POINT('',#3945);
#1123=VERTEX_POINT('',#3950);
#1124=VERTEX_POINT('',#3952);
#1125=VERTEX_POINT('',#3956);
#1126=VERTEX_POINT('',#3960);
#1127=VERTEX_POINT('',#3964);
#1128=VERTEX_POINT('',#3968);
#1129=VERTEX_POINT('',#3972);
#1130=VERTEX_POINT('',#3976);
#1131=VERTEX_POINT('',#3982);
#1132=VERTEX_POINT('',#3986);
#1133=VERTEX_POINT('',#3990);
#1134=EDGE_CURVE('',#922,#923,#416,.T.);
#1135=EDGE_CURVE('',#923,#924,#417,.T.);
#1136=EDGE_CURVE('',#924,#925,#418,.T.);
#1137=EDGE_CURVE('',#925,#922,#419,.T.);
#1138=EDGE_CURVE('',#926,#927,#420,.T.);
#1139=EDGE_CURVE('',#927,#923,#102,.T.);
#1140=EDGE_CURVE('',#922,#926,#103,.T.);
#1141=EDGE_CURVE('',#928,#929,#421,.T.);
#1142=EDGE_CURVE('',#929,#927,#422,.T.);
#1143=EDGE_CURVE('',#926,#928,#423,.T.);
#1144=EDGE_CURVE('',#930,#931,#424,.T.);
#1145=EDGE_CURVE('',#931,#929,#104,.T.);
#1146=EDGE_CURVE('',#928,#930,#105,.T.);
#1147=EDGE_CURVE('',#932,#933,#425,.T.);
#1148=EDGE_CURVE('',#933,#931,#426,.T.);
#1149=EDGE_CURVE('',#930,#932,#427,.T.);
#1150=EDGE_CURVE('',#934,#935,#428,.T.);
#1151=EDGE_CURVE('',#935,#933,#106,.T.);
#1152=EDGE_CURVE('',#932,#934,#107,.T.);
#1153=EDGE_CURVE('',#936,#937,#429,.T.);
#1154=EDGE_CURVE('',#937,#935,#430,.T.);
#1155=EDGE_CURVE('',#934,#936,#431,.T.);
#1156=EDGE_CURVE('',#924,#937,#108,.T.);
#1157=EDGE_CURVE('',#936,#925,#109,.T.);
#1158=EDGE_CURVE('',#935,#938,#432,.T.);
#1159=EDGE_CURVE('',#939,#938,#110,.F.);
#1160=EDGE_CURVE('',#933,#939,#433,.T.);
#1161=EDGE_CURVE('',#937,#940,#434,.T.);
#1162=EDGE_CURVE('',#938,#940,#435,.F.);
#1163=EDGE_CURVE('',#924,#941,#436,.T.);
#1164=EDGE_CURVE('',#940,#941,#111,.F.);
#1165=EDGE_CURVE('',#923,#942,#437,.T.);
#1166=EDGE_CURVE('',#941,#942,#438,.F.);
#1167=EDGE_CURVE('',#943,#943,#112,.T.);
#1168=EDGE_CURVE('',#944,#945,#439,.T.);
#1169=EDGE_CURVE('',#946,#944,#440,.T.);
#1170=EDGE_CURVE('',#947,#946,#441,.T.);
#1171=EDGE_CURVE('',#945,#947,#442,.T.);
#1172=EDGE_CURVE('',#948,#949,#443,.T.);
#1173=EDGE_CURVE('',#950,#948,#444,.T.);
#1174=EDGE_CURVE('',#951,#950,#445,.T.);
#1175=EDGE_CURVE('',#949,#951,#446,.T.);
#1176=EDGE_CURVE('',#952,#953,#447,.T.);
#1177=EDGE_CURVE('',#954,#952,#448,.T.);
#1178=EDGE_CURVE('',#955,#954,#449,.T.);
#1179=EDGE_CURVE('',#953,#955,#450,.T.);
#1180=EDGE_CURVE('',#956,#957,#451,.T.);
#1181=EDGE_CURVE('',#958,#956,#452,.T.);
#1182=EDGE_CURVE('',#959,#958,#453,.T.);
#1183=EDGE_CURVE('',#957,#959,#454,.T.);
#1184=EDGE_CURVE('',#960,#961,#38,.T.);
#1185=EDGE_CURVE('',#961,#962,#39,.T.);
#1186=EDGE_CURVE('',#962,#963,#40,.T.);
#1187=EDGE_CURVE('',#963,#964,#41,.T.);
#1188=EDGE_CURVE('',#964,#965,#42,.T.);
#1189=EDGE_CURVE('',#965,#966,#455,.T.);
#1190=EDGE_CURVE('',#966,#967,#456,.T.);
#1191=EDGE_CURVE('',#967,#968,#457,.T.);
#1192=EDGE_CURVE('',#968,#969,#43,.T.);
#1193=EDGE_CURVE('',#969,#970,#44,.T.);
#1194=EDGE_CURVE('',#970,#971,#45,.T.);
#1195=EDGE_CURVE('',#971,#972,#46,.T.);
#1196=EDGE_CURVE('',#972,#973,#47,.T.);
#1197=EDGE_CURVE('',#973,#974,#458,.T.);
#1198=EDGE_CURVE('',#974,#975,#459,.T.);
#1199=EDGE_CURVE('',#975,#976,#48,.T.);
#1200=EDGE_CURVE('',#976,#977,#49,.T.);
#1201=EDGE_CURVE('',#977,#978,#50,.T.);
#1202=EDGE_CURVE('',#978,#979,#51,.T.);
#1203=EDGE_CURVE('',#979,#980,#52,.T.);
#1204=EDGE_CURVE('',#980,#981,#460,.T.);
#1205=EDGE_CURVE('',#981,#982,#53,.T.);
#1206=EDGE_CURVE('',#982,#983,#54,.T.);
#1207=EDGE_CURVE('',#983,#984,#55,.T.);
#1208=EDGE_CURVE('',#984,#985,#56,.T.);
#1209=EDGE_CURVE('',#985,#986,#461,.T.);
#1210=EDGE_CURVE('',#986,#960,#462,.T.);
#1211=EDGE_CURVE('',#987,#973,#463,.T.);
#1212=EDGE_CURVE('',#988,#987,#464,.T.);
#1213=EDGE_CURVE('',#988,#974,#465,.T.);
#1214=EDGE_CURVE('',#989,#972,#466,.T.);
#1215=EDGE_CURVE('',#987,#989,#57,.T.);
#1216=EDGE_CURVE('',#990,#971,#467,.T.);
#1217=EDGE_CURVE('',#989,#990,#58,.T.);
#1218=EDGE_CURVE('',#991,#970,#468,.T.);
#1219=EDGE_CURVE('',#990,#991,#59,.T.);
#1220=EDGE_CURVE('',#992,#969,#469,.T.);
#1221=EDGE_CURVE('',#991,#992,#60,.T.);
#1222=EDGE_CURVE('',#993,#968,#470,.T.);
#1223=EDGE_CURVE('',#992,#993,#61,.T.);
#1224=EDGE_CURVE('',#994,#967,#471,.T.);
#1225=EDGE_CURVE('',#993,#994,#472,.T.);
#1226=EDGE_CURVE('',#995,#966,#473,.T.);
#1227=EDGE_CURVE('',#994,#995,#474,.T.);
#1228=EDGE_CURVE('',#996,#965,#475,.T.);
#1229=EDGE_CURVE('',#995,#996,#476,.T.);
#1230=EDGE_CURVE('',#997,#964,#477,.T.);
#1231=EDGE_CURVE('',#996,#997,#62,.T.);
#1232=EDGE_CURVE('',#998,#963,#478,.T.);
#1233=EDGE_CURVE('',#997,#998,#63,.T.);
#1234=EDGE_CURVE('',#999,#962,#479,.T.);
#1235=EDGE_CURVE('',#998,#999,#64,.T.);
#1236=EDGE_CURVE('',#1000,#961,#480,.T.);
#1237=EDGE_CURVE('',#999,#1000,#65,.T.);
#1238=EDGE_CURVE('',#1001,#960,#481,.T.);
#1239=EDGE_CURVE('',#1000,#1001,#66,.T.);
#1240=EDGE_CURVE('',#1002,#986,#482,.T.);
#1241=EDGE_CURVE('',#1001,#1002,#483,.T.);
#1242=EDGE_CURVE('',#1003,#985,#484,.T.);
#1243=EDGE_CURVE('',#1002,#1003,#485,.T.);
#1244=EDGE_CURVE('',#1004,#984,#486,.T.);
#1245=EDGE_CURVE('',#1003,#1004,#67,.T.);
#1246=EDGE_CURVE('',#1005,#983,#487,.T.);
#1247=EDGE_CURVE('',#1004,#1005,#68,.T.);
#1248=EDGE_CURVE('',#1006,#982,#488,.T.);
#1249=EDGE_CURVE('',#1005,#1006,#69,.T.);
#1250=EDGE_CURVE('',#1007,#981,#489,.T.);
#1251=EDGE_CURVE('',#1006,#1007,#70,.T.);
#1252=EDGE_CURVE('',#1008,#980,#490,.T.);
#1253=EDGE_CURVE('',#1007,#1008,#491,.T.);
#1254=EDGE_CURVE('',#1009,#979,#492,.T.);
#1255=EDGE_CURVE('',#1008,#1009,#71,.T.);
#1256=EDGE_CURVE('',#1010,#978,#493,.T.);
#1257=EDGE_CURVE('',#1009,#1010,#72,.T.);
#1258=EDGE_CURVE('',#1011,#977,#494,.T.);
#1259=EDGE_CURVE('',#1010,#1011,#73,.T.);
#1260=EDGE_CURVE('',#1012,#976,#495,.T.);
#1261=EDGE_CURVE('',#1011,#1012,#74,.T.);
#1262=EDGE_CURVE('',#1013,#975,#496,.T.);
#1263=EDGE_CURVE('',#1012,#1013,#75,.T.);
#1264=EDGE_CURVE('',#1013,#988,#497,.T.);
#1265=EDGE_CURVE('',#1014,#1015,#498,.T.);
#1266=EDGE_CURVE('',#1016,#1014,#499,.T.);
#1267=EDGE_CURVE('',#1017,#1016,#500,.T.);
#1268=EDGE_CURVE('',#1017,#1015,#501,.T.);
#1269=EDGE_CURVE('',#1015,#1018,#502,.T.);
#1270=EDGE_CURVE('',#1019,#1017,#503,.T.);
#1271=EDGE_CURVE('',#1019,#1018,#504,.T.);
#1272=EDGE_CURVE('',#1018,#1020,#505,.T.);
#1273=EDGE_CURVE('',#1021,#1019,#506,.T.);
#1274=EDGE_CURVE('',#1021,#1020,#507,.T.);
#1275=EDGE_CURVE('',#1020,#1022,#508,.T.);
#1276=EDGE_CURVE('',#1023,#1021,#509,.T.);
#1277=EDGE_CURVE('',#1023,#1022,#510,.T.);
#1278=EDGE_CURVE('',#1022,#1024,#511,.T.);
#1279=EDGE_CURVE('',#1025,#1023,#512,.T.);
#1280=EDGE_CURVE('',#1025,#1024,#513,.T.);
#1281=EDGE_CURVE('',#1024,#1026,#514,.T.);
#1282=EDGE_CURVE('',#1027,#1025,#515,.T.);
#1283=EDGE_CURVE('',#1027,#1026,#516,.T.);
#1284=EDGE_CURVE('',#1026,#1014,#517,.T.);
#1285=EDGE_CURVE('',#1016,#1027,#518,.T.);
#1286=EDGE_CURVE('',#1028,#1029,#519,.T.);
#1287=EDGE_CURVE('',#1029,#1030,#520,.T.);
#1288=EDGE_CURVE('',#1030,#1031,#521,.T.);
#1289=EDGE_CURVE('',#1031,#1032,#522,.T.);
#1290=EDGE_CURVE('',#1032,#1033,#523,.T.);
#1291=EDGE_CURVE('',#1033,#1034,#524,.T.);
#1292=EDGE_CURVE('',#1034,#1035,#76,.T.);
#1293=EDGE_CURVE('',#1035,#1036,#525,.T.);
#1294=EDGE_CURVE('',#1036,#1037,#526,.T.);
#1295=EDGE_CURVE('',#1037,#1038,#527,.T.);
#1296=EDGE_CURVE('',#1038,#1028,#528,.T.);
#1297=EDGE_CURVE('',#1039,#1033,#529,.T.);
#1298=EDGE_CURVE('',#1040,#1039,#530,.T.);
#1299=EDGE_CURVE('',#1040,#1034,#531,.T.);
#1300=EDGE_CURVE('',#1041,#1032,#532,.T.);
#1301=EDGE_CURVE('',#1039,#1041,#533,.T.);
#1302=EDGE_CURVE('',#1042,#1031,#534,.T.);
#1303=EDGE_CURVE('',#1041,#1042,#535,.T.);
#1304=EDGE_CURVE('',#1043,#1030,#536,.T.);
#1305=EDGE_CURVE('',#1042,#1043,#537,.T.);
#1306=EDGE_CURVE('',#1044,#1029,#538,.T.);
#1307=EDGE_CURVE('',#1043,#1044,#539,.T.);
#1308=EDGE_CURVE('',#1045,#1028,#540,.T.);
#1309=EDGE_CURVE('',#1044,#1045,#541,.T.);
#1310=EDGE_CURVE('',#1046,#1038,#542,.T.);
#1311=EDGE_CURVE('',#1045,#1046,#543,.T.);
#1312=EDGE_CURVE('',#1047,#1037,#544,.T.);
#1313=EDGE_CURVE('',#1046,#1047,#545,.T.);
#1314=EDGE_CURVE('',#1048,#1036,#546,.T.);
#1315=EDGE_CURVE('',#1047,#1048,#547,.T.);
#1316=EDGE_CURVE('',#1049,#1035,#548,.T.);
#1317=EDGE_CURVE('',#1048,#1049,#549,.T.);
#1318=EDGE_CURVE('',#1049,#1040,#77,.T.);
#1319=EDGE_CURVE('',#1050,#1051,#550,.T.);
#1320=EDGE_CURVE('',#1052,#1050,#551,.T.);
#1321=EDGE_CURVE('',#1053,#1052,#552,.T.);
#1322=EDGE_CURVE('',#1053,#1051,#553,.T.);
#1323=EDGE_CURVE('',#1051,#1054,#554,.T.);
#1324=EDGE_CURVE('',#1055,#1053,#555,.T.);
#1325=EDGE_CURVE('',#1055,#1054,#556,.T.);
#1326=EDGE_CURVE('',#1054,#1056,#557,.T.);
#1327=EDGE_CURVE('',#1057,#1055,#558,.T.);
#1328=EDGE_CURVE('',#1057,#1056,#559,.T.);
#1329=EDGE_CURVE('',#1056,#1050,#560,.T.);
#1330=EDGE_CURVE('',#1052,#1057,#561,.T.);
#1331=EDGE_CURVE('',#947,#1058,#562,.T.);
#1332=EDGE_CURVE('',#1059,#1058,#563,.T.);
#1333=EDGE_CURVE('',#1059,#945,#564,.T.);
#1334=EDGE_CURVE('',#1060,#1059,#565,.T.);
#1335=EDGE_CURVE('',#1060,#944,#566,.T.);
#1336=EDGE_CURVE('',#1061,#1060,#567,.T.);
#1337=EDGE_CURVE('',#1061,#946,#568,.T.);
#1338=EDGE_CURVE('',#1058,#1061,#569,.T.);
#1339=EDGE_CURVE('',#1062,#1063,#570,.T.);
#1340=EDGE_CURVE('',#1062,#1064,#571,.T.);
#1341=EDGE_CURVE('',#1065,#1064,#572,.T.);
#1342=EDGE_CURVE('',#1063,#1065,#573,.T.);
#1343=EDGE_CURVE('',#1063,#1066,#574,.T.);
#1344=EDGE_CURVE('',#1067,#1065,#575,.T.);
#1345=EDGE_CURVE('',#1066,#1067,#576,.T.);
#1346=EDGE_CURVE('',#1066,#1068,#577,.T.);
#1347=EDGE_CURVE('',#1069,#1067,#578,.T.);
#1348=EDGE_CURVE('',#1068,#1069,#579,.T.);
#1349=EDGE_CURVE('',#1068,#1062,#580,.T.);
#1350=EDGE_CURVE('',#1064,#1069,#581,.T.);
#1351=EDGE_CURVE('',#951,#1070,#582,.T.);
#1352=EDGE_CURVE('',#1071,#1070,#583,.T.);
#1353=EDGE_CURVE('',#1071,#949,#584,.T.);
#1354=EDGE_CURVE('',#1072,#1071,#585,.T.);
#1355=EDGE_CURVE('',#1072,#948,#586,.T.);
#1356=EDGE_CURVE('',#1073,#1072,#587,.T.);
#1357=EDGE_CURVE('',#1073,#950,#588,.T.);
#1358=EDGE_CURVE('',#1070,#1073,#589,.T.);
#1359=EDGE_CURVE('',#1074,#1075,#590,.T.);
#1360=EDGE_CURVE('',#1074,#1076,#591,.T.);
#1361=EDGE_CURVE('',#1077,#1076,#592,.T.);
#1362=EDGE_CURVE('',#1075,#1077,#593,.T.);
#1363=EDGE_CURVE('',#1075,#1078,#594,.T.);
#1364=EDGE_CURVE('',#1079,#1077,#595,.T.);
#1365=EDGE_CURVE('',#1078,#1079,#596,.T.);
#1366=EDGE_CURVE('',#1078,#1080,#597,.T.);
#1367=EDGE_CURVE('',#1081,#1079,#598,.T.);
#1368=EDGE_CURVE('',#1080,#1081,#599,.T.);
#1369=EDGE_CURVE('',#1080,#1074,#600,.T.);
#1370=EDGE_CURVE('',#1076,#1081,#601,.T.);
#1371=EDGE_CURVE('',#959,#1082,#602,.T.);
#1372=EDGE_CURVE('',#1083,#1082,#603,.T.);
#1373=EDGE_CURVE('',#1083,#957,#604,.T.);
#1374=EDGE_CURVE('',#1084,#1083,#605,.T.);
#1375=EDGE_CURVE('',#1084,#956,#606,.T.);
#1376=EDGE_CURVE('',#1085,#1084,#607,.T.);
#1377=EDGE_CURVE('',#1085,#958,#608,.T.);
#1378=EDGE_CURVE('',#1082,#1085,#609,.T.);
#1379=EDGE_CURVE('',#1086,#1087,#610,.T.);
#1380=EDGE_CURVE('',#1086,#1088,#611,.T.);
#1381=EDGE_CURVE('',#1089,#1088,#612,.T.);
#1382=EDGE_CURVE('',#1087,#1089,#613,.T.);
#1383=EDGE_CURVE('',#1087,#1090,#614,.T.);
#1384=EDGE_CURVE('',#1091,#1089,#615,.T.);
#1385=EDGE_CURVE('',#1090,#1091,#616,.T.);
#1386=EDGE_CURVE('',#1090,#1092,#617,.T.);
#1387=EDGE_CURVE('',#1093,#1091,#618,.T.);
#1388=EDGE_CURVE('',#1092,#1093,#619,.T.);
#1389=EDGE_CURVE('',#1092,#1086,#620,.T.);
#1390=EDGE_CURVE('',#1088,#1093,#621,.T.);
#1391=EDGE_CURVE('',#955,#1094,#622,.T.);
#1392=EDGE_CURVE('',#1095,#1094,#623,.T.);
#1393=EDGE_CURVE('',#1095,#953,#624,.T.);
#1394=EDGE_CURVE('',#1096,#1095,#625,.T.);
#1395=EDGE_CURVE('',#1096,#952,#626,.T.);
#1396=EDGE_CURVE('',#1097,#1096,#627,.T.);
#1397=EDGE_CURVE('',#1097,#954,#628,.T.);
#1398=EDGE_CURVE('',#1094,#1097,#629,.T.);
#1399=EDGE_CURVE('',#1098,#1099,#630,.T.);
#1400=EDGE_CURVE('',#1098,#1100,#631,.T.);
#1401=EDGE_CURVE('',#1101,#1100,#632,.T.);
#1402=EDGE_CURVE('',#1099,#1101,#633,.T.);
#1403=EDGE_CURVE('',#1099,#1102,#634,.T.);
#1404=EDGE_CURVE('',#1103,#1101,#635,.T.);
#1405=EDGE_CURVE('',#1102,#1103,#636,.T.);
#1406=EDGE_CURVE('',#1102,#1104,#637,.T.);
#1407=EDGE_CURVE('',#1105,#1103,#638,.T.);
#1408=EDGE_CURVE('',#1104,#1105,#639,.T.);
#1409=EDGE_CURVE('',#1104,#1098,#640,.T.);
#1410=EDGE_CURVE('',#1100,#1105,#641,.T.);
#1411=EDGE_CURVE('',#1106,#1107,#113,.T.);
#1412=EDGE_CURVE('',#1108,#1106,#642,.T.);
#1413=EDGE_CURVE('',#1109,#1108,#114,.T.);
#1414=EDGE_CURVE('',#1110,#1109,#643,.T.);
#1415=EDGE_CURVE('',#1111,#1110,#115,.T.);
#1416=EDGE_CURVE('',#1112,#1111,#644,.T.);
#1417=EDGE_CURVE('',#1113,#1112,#116,.T.);
#1418=EDGE_CURVE('',#1107,#1113,#645,.T.);
#1419=EDGE_CURVE('',#1114,#1114,#117,.T.);
#1420=EDGE_CURVE('',#943,#1115,#646,.T.);
#1421=EDGE_CURVE('',#1115,#1115,#118,.T.);
#1422=EDGE_CURVE('',#1116,#1116,#119,.T.);
#1423=EDGE_CURVE('',#1116,#1115,#647,.T.);
#1424=EDGE_CURVE('',#1117,#1117,#120,.T.);
#1425=EDGE_CURVE('',#1117,#1118,#648,.T.);
#1426=EDGE_CURVE('',#1118,#1119,#121,.T.);
#1427=EDGE_CURVE('',#1119,#1118,#122,.T.);
#1428=EDGE_CURVE('',#1120,#1120,#123,.T.);
#1429=EDGE_CURVE('',#1119,#1114,#649,.T.);
#1430=EDGE_CURVE('',#1120,#1121,#650,.T.);
#1431=EDGE_CURVE('',#1121,#1121,#124,.T.);
#1432=EDGE_CURVE('',#1121,#1122,#651,.T.);
#1433=EDGE_CURVE('',#1122,#1122,#125,.T.);
#1434=EDGE_CURVE('',#1110,#1123,#652,.T.);
#1435=EDGE_CURVE('',#1124,#1123,#126,.F.);
#1436=EDGE_CURVE('',#1111,#1124,#653,.T.);
#1437=EDGE_CURVE('',#1109,#1125,#654,.T.);
#1438=EDGE_CURVE('',#1123,#1125,#655,.F.);
#1439=EDGE_CURVE('',#1108,#1126,#656,.T.);
#1440=EDGE_CURVE('',#1125,#1126,#127,.F.);
#1441=EDGE_CURVE('',#1106,#1127,#657,.T.);
#1442=EDGE_CURVE('',#1126,#1127,#658,.F.);
#1443=EDGE_CURVE('',#1107,#1128,#659,.T.);
#1444=EDGE_CURVE('',#1127,#1128,#128,.F.);
#1445=EDGE_CURVE('',#1129,#1124,#660,.F.);
#1446=EDGE_CURVE('',#1112,#1129,#661,.T.);
#1447=EDGE_CURVE('',#1130,#1129,#129,.F.);
#1448=EDGE_CURVE('',#1113,#1130,#662,.T.);
#1449=EDGE_CURVE('',#1128,#1130,#663,.F.);
#1450=EDGE_CURVE('',#1131,#939,#664,.F.);
#1451=EDGE_CURVE('',#931,#1131,#665,.T.);
#1452=EDGE_CURVE('',#1132,#1131,#130,.F.);
#1453=EDGE_CURVE('',#929,#1132,#666,.T.);
#1454=EDGE_CURVE('',#1133,#1132,#667,.F.);
#1455=EDGE_CURVE('',#927,#1133,#668,.T.);
#1456=EDGE_CURVE('',#942,#1133,#131,.F.);
#1457=ORIENTED_EDGE('',*,*,#1134,.T.);
#1458=ORIENTED_EDGE('',*,*,#1135,.T.);
#1459=ORIENTED_EDGE('',*,*,#1136,.T.);
#1460=ORIENTED_EDGE('',*,*,#1137,.T.);
#1461=ORIENTED_EDGE('',*,*,#1138,.T.);
#1462=ORIENTED_EDGE('',*,*,#1139,.T.);
#1463=ORIENTED_EDGE('',*,*,#1134,.F.);
#1464=ORIENTED_EDGE('',*,*,#1140,.T.);
#1465=ORIENTED_EDGE('',*,*,#1141,.T.);
#1466=ORIENTED_EDGE('',*,*,#1142,.T.);
#1467=ORIENTED_EDGE('',*,*,#1138,.F.);
#1468=ORIENTED_EDGE('',*,*,#1143,.T.);
#1469=ORIENTED_EDGE('',*,*,#1144,.T.);
#1470=ORIENTED_EDGE('',*,*,#1145,.T.);
#1471=ORIENTED_EDGE('',*,*,#1141,.F.);
#1472=ORIENTED_EDGE('',*,*,#1146,.T.);
#1473=ORIENTED_EDGE('',*,*,#1147,.T.);
#1474=ORIENTED_EDGE('',*,*,#1148,.T.);
#1475=ORIENTED_EDGE('',*,*,#1144,.F.);
#1476=ORIENTED_EDGE('',*,*,#1149,.T.);
#1477=ORIENTED_EDGE('',*,*,#1150,.T.);
#1478=ORIENTED_EDGE('',*,*,#1151,.T.);
#1479=ORIENTED_EDGE('',*,*,#1147,.F.);
#1480=ORIENTED_EDGE('',*,*,#1152,.T.);
#1481=ORIENTED_EDGE('',*,*,#1153,.T.);
#1482=ORIENTED_EDGE('',*,*,#1154,.T.);
#1483=ORIENTED_EDGE('',*,*,#1150,.F.);
#1484=ORIENTED_EDGE('',*,*,#1155,.T.);
#1485=ORIENTED_EDGE('',*,*,#1136,.F.);
#1486=ORIENTED_EDGE('',*,*,#1156,.T.);
#1487=ORIENTED_EDGE('',*,*,#1153,.F.);
#1488=ORIENTED_EDGE('',*,*,#1157,.T.);
#1489=ORIENTED_EDGE('',*,*,#1151,.F.);
#1490=ORIENTED_EDGE('',*,*,#1158,.T.);
#1491=ORIENTED_EDGE('',*,*,#1159,.F.);
#1492=ORIENTED_EDGE('',*,*,#1160,.F.);
#1493=ORIENTED_EDGE('',*,*,#1154,.F.);
#1494=ORIENTED_EDGE('',*,*,#1161,.T.);
#1495=ORIENTED_EDGE('',*,*,#1162,.F.);
#1496=ORIENTED_EDGE('',*,*,#1158,.F.);
#1497=ORIENTED_EDGE('',*,*,#1156,.F.);
#1498=ORIENTED_EDGE('',*,*,#1163,.T.);
#1499=ORIENTED_EDGE('',*,*,#1164,.F.);
#1500=ORIENTED_EDGE('',*,*,#1161,.F.);
#1501=ORIENTED_EDGE('',*,*,#1135,.F.);
#1502=ORIENTED_EDGE('',*,*,#1165,.T.);
#1503=ORIENTED_EDGE('',*,*,#1166,.F.);
#1504=ORIENTED_EDGE('',*,*,#1163,.F.);
#1505=ORIENTED_EDGE('',*,*,#1137,.F.);
#1506=ORIENTED_EDGE('',*,*,#1157,.F.);
#1507=ORIENTED_EDGE('',*,*,#1155,.F.);
#1508=ORIENTED_EDGE('',*,*,#1152,.F.);
#1509=ORIENTED_EDGE('',*,*,#1149,.F.);
#1510=ORIENTED_EDGE('',*,*,#1146,.F.);
#1511=ORIENTED_EDGE('',*,*,#1143,.F.);
#1512=ORIENTED_EDGE('',*,*,#1140,.F.);
#1513=ORIENTED_EDGE('',*,*,#1167,.F.);
#1514=ORIENTED_EDGE('',*,*,#1168,.F.);
#1515=ORIENTED_EDGE('',*,*,#1169,.F.);
#1516=ORIENTED_EDGE('',*,*,#1170,.F.);
#1517=ORIENTED_EDGE('',*,*,#1171,.F.);
#1518=ORIENTED_EDGE('',*,*,#1172,.F.);
#1519=ORIENTED_EDGE('',*,*,#1173,.F.);
#1520=ORIENTED_EDGE('',*,*,#1174,.F.);
#1521=ORIENTED_EDGE('',*,*,#1175,.F.);
#1522=ORIENTED_EDGE('',*,*,#1176,.F.);
#1523=ORIENTED_EDGE('',*,*,#1177,.F.);
#1524=ORIENTED_EDGE('',*,*,#1178,.F.);
#1525=ORIENTED_EDGE('',*,*,#1179,.F.);
#1526=ORIENTED_EDGE('',*,*,#1180,.F.);
#1527=ORIENTED_EDGE('',*,*,#1181,.F.);
#1528=ORIENTED_EDGE('',*,*,#1182,.F.);
#1529=ORIENTED_EDGE('',*,*,#1183,.F.);
#1530=ORIENTED_EDGE('',*,*,#1184,.T.);
#1531=ORIENTED_EDGE('',*,*,#1185,.T.);
#1532=ORIENTED_EDGE('',*,*,#1186,.T.);
#1533=ORIENTED_EDGE('',*,*,#1187,.T.);
#1534=ORIENTED_EDGE('',*,*,#1188,.T.);
#1535=ORIENTED_EDGE('',*,*,#1189,.T.);
#1536=ORIENTED_EDGE('',*,*,#1190,.T.);
#1537=ORIENTED_EDGE('',*,*,#1191,.T.);
#1538=ORIENTED_EDGE('',*,*,#1192,.T.);
#1539=ORIENTED_EDGE('',*,*,#1193,.T.);
#1540=ORIENTED_EDGE('',*,*,#1194,.T.);
#1541=ORIENTED_EDGE('',*,*,#1195,.T.);
#1542=ORIENTED_EDGE('',*,*,#1196,.T.);
#1543=ORIENTED_EDGE('',*,*,#1197,.T.);
#1544=ORIENTED_EDGE('',*,*,#1198,.T.);
#1545=ORIENTED_EDGE('',*,*,#1199,.T.);
#1546=ORIENTED_EDGE('',*,*,#1200,.T.);
#1547=ORIENTED_EDGE('',*,*,#1201,.T.);
#1548=ORIENTED_EDGE('',*,*,#1202,.T.);
#1549=ORIENTED_EDGE('',*,*,#1203,.T.);
#1550=ORIENTED_EDGE('',*,*,#1204,.T.);
#1551=ORIENTED_EDGE('',*,*,#1205,.T.);
#1552=ORIENTED_EDGE('',*,*,#1206,.T.);
#1553=ORIENTED_EDGE('',*,*,#1207,.T.);
#1554=ORIENTED_EDGE('',*,*,#1208,.T.);
#1555=ORIENTED_EDGE('',*,*,#1209,.T.);
#1556=ORIENTED_EDGE('',*,*,#1210,.T.);
#1557=ORIENTED_EDGE('',*,*,#1197,.F.);
#1558=ORIENTED_EDGE('',*,*,#1211,.F.);
#1559=ORIENTED_EDGE('',*,*,#1212,.F.);
#1560=ORIENTED_EDGE('',*,*,#1213,.T.);
#1561=ORIENTED_EDGE('',*,*,#1196,.F.);
#1562=ORIENTED_EDGE('',*,*,#1214,.F.);
#1563=ORIENTED_EDGE('',*,*,#1215,.F.);
#1564=ORIENTED_EDGE('',*,*,#1211,.T.);
#1565=ORIENTED_EDGE('',*,*,#1195,.F.);
#1566=ORIENTED_EDGE('',*,*,#1216,.F.);
#1567=ORIENTED_EDGE('',*,*,#1217,.F.);
#1568=ORIENTED_EDGE('',*,*,#1214,.T.);
#1569=ORIENTED_EDGE('',*,*,#1194,.F.);
#1570=ORIENTED_EDGE('',*,*,#1218,.F.);
#1571=ORIENTED_EDGE('',*,*,#1219,.F.);
#1572=ORIENTED_EDGE('',*,*,#1216,.T.);
#1573=ORIENTED_EDGE('',*,*,#1193,.F.);
#1574=ORIENTED_EDGE('',*,*,#1220,.F.);
#1575=ORIENTED_EDGE('',*,*,#1221,.F.);
#1576=ORIENTED_EDGE('',*,*,#1218,.T.);
#1577=ORIENTED_EDGE('',*,*,#1192,.F.);
#1578=ORIENTED_EDGE('',*,*,#1222,.F.);
#1579=ORIENTED_EDGE('',*,*,#1223,.F.);
#1580=ORIENTED_EDGE('',*,*,#1220,.T.);
#1581=ORIENTED_EDGE('',*,*,#1191,.F.);
#1582=ORIENTED_EDGE('',*,*,#1224,.F.);
#1583=ORIENTED_EDGE('',*,*,#1225,.F.);
#1584=ORIENTED_EDGE('',*,*,#1222,.T.);
#1585=ORIENTED_EDGE('',*,*,#1190,.F.);
#1586=ORIENTED_EDGE('',*,*,#1226,.F.);
#1587=ORIENTED_EDGE('',*,*,#1227,.F.);
#1588=ORIENTED_EDGE('',*,*,#1224,.T.);
#1589=ORIENTED_EDGE('',*,*,#1189,.F.);
#1590=ORIENTED_EDGE('',*,*,#1228,.F.);
#1591=ORIENTED_EDGE('',*,*,#1229,.F.);
#1592=ORIENTED_EDGE('',*,*,#1226,.T.);
#1593=ORIENTED_EDGE('',*,*,#1188,.F.);
#1594=ORIENTED_EDGE('',*,*,#1230,.F.);
#1595=ORIENTED_EDGE('',*,*,#1231,.F.);
#1596=ORIENTED_EDGE('',*,*,#1228,.T.);
#1597=ORIENTED_EDGE('',*,*,#1187,.F.);
#1598=ORIENTED_EDGE('',*,*,#1232,.F.);
#1599=ORIENTED_EDGE('',*,*,#1233,.F.);
#1600=ORIENTED_EDGE('',*,*,#1230,.T.);
#1601=ORIENTED_EDGE('',*,*,#1186,.F.);
#1602=ORIENTED_EDGE('',*,*,#1234,.F.);
#1603=ORIENTED_EDGE('',*,*,#1235,.F.);
#1604=ORIENTED_EDGE('',*,*,#1232,.T.);
#1605=ORIENTED_EDGE('',*,*,#1185,.F.);
#1606=ORIENTED_EDGE('',*,*,#1236,.F.);
#1607=ORIENTED_EDGE('',*,*,#1237,.F.);
#1608=ORIENTED_EDGE('',*,*,#1234,.T.);
#1609=ORIENTED_EDGE('',*,*,#1184,.F.);
#1610=ORIENTED_EDGE('',*,*,#1238,.F.);
#1611=ORIENTED_EDGE('',*,*,#1239,.F.);
#1612=ORIENTED_EDGE('',*,*,#1236,.T.);
#1613=ORIENTED_EDGE('',*,*,#1210,.F.);
#1614=ORIENTED_EDGE('',*,*,#1240,.F.);
#1615=ORIENTED_EDGE('',*,*,#1241,.F.);
#1616=ORIENTED_EDGE('',*,*,#1238,.T.);
#1617=ORIENTED_EDGE('',*,*,#1209,.F.);
#1618=ORIENTED_EDGE('',*,*,#1242,.F.);
#1619=ORIENTED_EDGE('',*,*,#1243,.F.);
#1620=ORIENTED_EDGE('',*,*,#1240,.T.);
#1621=ORIENTED_EDGE('',*,*,#1208,.F.);
#1622=ORIENTED_EDGE('',*,*,#1244,.F.);
#1623=ORIENTED_EDGE('',*,*,#1245,.F.);
#1624=ORIENTED_EDGE('',*,*,#1242,.T.);
#1625=ORIENTED_EDGE('',*,*,#1207,.F.);
#1626=ORIENTED_EDGE('',*,*,#1246,.F.);
#1627=ORIENTED_EDGE('',*,*,#1247,.F.);
#1628=ORIENTED_EDGE('',*,*,#1244,.T.);
#1629=ORIENTED_EDGE('',*,*,#1206,.F.);
#1630=ORIENTED_EDGE('',*,*,#1248,.F.);
#1631=ORIENTED_EDGE('',*,*,#1249,.F.);
#1632=ORIENTED_EDGE('',*,*,#1246,.T.);
#1633=ORIENTED_EDGE('',*,*,#1205,.F.);
#1634=ORIENTED_EDGE('',*,*,#1250,.F.);
#1635=ORIENTED_EDGE('',*,*,#1251,.F.);
#1636=ORIENTED_EDGE('',*,*,#1248,.T.);
#1637=ORIENTED_EDGE('',*,*,#1204,.F.);
#1638=ORIENTED_EDGE('',*,*,#1252,.F.);
#1639=ORIENTED_EDGE('',*,*,#1253,.F.);
#1640=ORIENTED_EDGE('',*,*,#1250,.T.);
#1641=ORIENTED_EDGE('',*,*,#1203,.F.);
#1642=ORIENTED_EDGE('',*,*,#1254,.F.);
#1643=ORIENTED_EDGE('',*,*,#1255,.F.);
#1644=ORIENTED_EDGE('',*,*,#1252,.T.);
#1645=ORIENTED_EDGE('',*,*,#1202,.F.);
#1646=ORIENTED_EDGE('',*,*,#1256,.F.);
#1647=ORIENTED_EDGE('',*,*,#1257,.F.);
#1648=ORIENTED_EDGE('',*,*,#1254,.T.);
#1649=ORIENTED_EDGE('',*,*,#1201,.F.);
#1650=ORIENTED_EDGE('',*,*,#1258,.F.);
#1651=ORIENTED_EDGE('',*,*,#1259,.F.);
#1652=ORIENTED_EDGE('',*,*,#1256,.T.);
#1653=ORIENTED_EDGE('',*,*,#1200,.F.);
#1654=ORIENTED_EDGE('',*,*,#1260,.F.);
#1655=ORIENTED_EDGE('',*,*,#1261,.F.);
#1656=ORIENTED_EDGE('',*,*,#1258,.T.);
#1657=ORIENTED_EDGE('',*,*,#1199,.F.);
#1658=ORIENTED_EDGE('',*,*,#1262,.F.);
#1659=ORIENTED_EDGE('',*,*,#1263,.F.);
#1660=ORIENTED_EDGE('',*,*,#1260,.T.);
#1661=ORIENTED_EDGE('',*,*,#1198,.F.);
#1662=ORIENTED_EDGE('',*,*,#1213,.F.);
#1663=ORIENTED_EDGE('',*,*,#1264,.F.);
#1664=ORIENTED_EDGE('',*,*,#1262,.T.);
#1665=ORIENTED_EDGE('',*,*,#1265,.F.);
#1666=ORIENTED_EDGE('',*,*,#1266,.F.);
#1667=ORIENTED_EDGE('',*,*,#1267,.F.);
#1668=ORIENTED_EDGE('',*,*,#1268,.T.);
#1669=ORIENTED_EDGE('',*,*,#1269,.F.);
#1670=ORIENTED_EDGE('',*,*,#1268,.F.);
#1671=ORIENTED_EDGE('',*,*,#1270,.F.);
#1672=ORIENTED_EDGE('',*,*,#1271,.T.);
#1673=ORIENTED_EDGE('',*,*,#1272,.F.);
#1674=ORIENTED_EDGE('',*,*,#1271,.F.);
#1675=ORIENTED_EDGE('',*,*,#1273,.F.);
#1676=ORIENTED_EDGE('',*,*,#1274,.T.);
#1677=ORIENTED_EDGE('',*,*,#1275,.F.);
#1678=ORIENTED_EDGE('',*,*,#1274,.F.);
#1679=ORIENTED_EDGE('',*,*,#1276,.F.);
#1680=ORIENTED_EDGE('',*,*,#1277,.T.);
#1681=ORIENTED_EDGE('',*,*,#1278,.F.);
#1682=ORIENTED_EDGE('',*,*,#1277,.F.);
#1683=ORIENTED_EDGE('',*,*,#1279,.F.);
#1684=ORIENTED_EDGE('',*,*,#1280,.T.);
#1685=ORIENTED_EDGE('',*,*,#1281,.F.);
#1686=ORIENTED_EDGE('',*,*,#1280,.F.);
#1687=ORIENTED_EDGE('',*,*,#1282,.F.);
#1688=ORIENTED_EDGE('',*,*,#1283,.T.);
#1689=ORIENTED_EDGE('',*,*,#1284,.F.);
#1690=ORIENTED_EDGE('',*,*,#1283,.F.);
#1691=ORIENTED_EDGE('',*,*,#1285,.F.);
#1692=ORIENTED_EDGE('',*,*,#1266,.T.);
#1693=ORIENTED_EDGE('',*,*,#1275,.T.);
#1694=ORIENTED_EDGE('',*,*,#1278,.T.);
#1695=ORIENTED_EDGE('',*,*,#1281,.T.);
#1696=ORIENTED_EDGE('',*,*,#1284,.T.);
#1697=ORIENTED_EDGE('',*,*,#1265,.T.);
#1698=ORIENTED_EDGE('',*,*,#1269,.T.);
#1699=ORIENTED_EDGE('',*,*,#1272,.T.);
#1700=ORIENTED_EDGE('',*,*,#1286,.T.);
#1701=ORIENTED_EDGE('',*,*,#1287,.T.);
#1702=ORIENTED_EDGE('',*,*,#1288,.T.);
#1703=ORIENTED_EDGE('',*,*,#1289,.T.);
#1704=ORIENTED_EDGE('',*,*,#1290,.T.);
#1705=ORIENTED_EDGE('',*,*,#1291,.T.);
#1706=ORIENTED_EDGE('',*,*,#1292,.T.);
#1707=ORIENTED_EDGE('',*,*,#1293,.T.);
#1708=ORIENTED_EDGE('',*,*,#1294,.T.);
#1709=ORIENTED_EDGE('',*,*,#1295,.T.);
#1710=ORIENTED_EDGE('',*,*,#1296,.T.);
#1711=ORIENTED_EDGE('',*,*,#1291,.F.);
#1712=ORIENTED_EDGE('',*,*,#1297,.F.);
#1713=ORIENTED_EDGE('',*,*,#1298,.F.);
#1714=ORIENTED_EDGE('',*,*,#1299,.T.);
#1715=ORIENTED_EDGE('',*,*,#1290,.F.);
#1716=ORIENTED_EDGE('',*,*,#1300,.F.);
#1717=ORIENTED_EDGE('',*,*,#1301,.F.);
#1718=ORIENTED_EDGE('',*,*,#1297,.T.);
#1719=ORIENTED_EDGE('',*,*,#1289,.F.);
#1720=ORIENTED_EDGE('',*,*,#1302,.F.);
#1721=ORIENTED_EDGE('',*,*,#1303,.F.);
#1722=ORIENTED_EDGE('',*,*,#1300,.T.);
#1723=ORIENTED_EDGE('',*,*,#1288,.F.);
#1724=ORIENTED_EDGE('',*,*,#1304,.F.);
#1725=ORIENTED_EDGE('',*,*,#1305,.F.);
#1726=ORIENTED_EDGE('',*,*,#1302,.T.);
#1727=ORIENTED_EDGE('',*,*,#1287,.F.);
#1728=ORIENTED_EDGE('',*,*,#1306,.F.);
#1729=ORIENTED_EDGE('',*,*,#1307,.F.);
#1730=ORIENTED_EDGE('',*,*,#1304,.T.);
#1731=ORIENTED_EDGE('',*,*,#1286,.F.);
#1732=ORIENTED_EDGE('',*,*,#1308,.F.);
#1733=ORIENTED_EDGE('',*,*,#1309,.F.);
#1734=ORIENTED_EDGE('',*,*,#1306,.T.);
#1735=ORIENTED_EDGE('',*,*,#1296,.F.);
#1736=ORIENTED_EDGE('',*,*,#1310,.F.);
#1737=ORIENTED_EDGE('',*,*,#1311,.F.);
#1738=ORIENTED_EDGE('',*,*,#1308,.T.);
#1739=ORIENTED_EDGE('',*,*,#1295,.F.);
#1740=ORIENTED_EDGE('',*,*,#1312,.F.);
#1741=ORIENTED_EDGE('',*,*,#1313,.F.);
#1742=ORIENTED_EDGE('',*,*,#1310,.T.);
#1743=ORIENTED_EDGE('',*,*,#1294,.F.);
#1744=ORIENTED_EDGE('',*,*,#1314,.F.);
#1745=ORIENTED_EDGE('',*,*,#1315,.F.);
#1746=ORIENTED_EDGE('',*,*,#1312,.T.);
#1747=ORIENTED_EDGE('',*,*,#1293,.F.);
#1748=ORIENTED_EDGE('',*,*,#1316,.F.);
#1749=ORIENTED_EDGE('',*,*,#1317,.F.);
#1750=ORIENTED_EDGE('',*,*,#1314,.T.);
#1751=ORIENTED_EDGE('',*,*,#1292,.F.);
#1752=ORIENTED_EDGE('',*,*,#1299,.F.);
#1753=ORIENTED_EDGE('',*,*,#1318,.F.);
#1754=ORIENTED_EDGE('',*,*,#1316,.T.);
#1755=ORIENTED_EDGE('',*,*,#1319,.F.);
#1756=ORIENTED_EDGE('',*,*,#1320,.F.);
#1757=ORIENTED_EDGE('',*,*,#1321,.F.);
#1758=ORIENTED_EDGE('',*,*,#1322,.T.);
#1759=ORIENTED_EDGE('',*,*,#1323,.F.);
#1760=ORIENTED_EDGE('',*,*,#1322,.F.);
#1761=ORIENTED_EDGE('',*,*,#1324,.F.);
#1762=ORIENTED_EDGE('',*,*,#1325,.T.);
#1763=ORIENTED_EDGE('',*,*,#1326,.F.);
#1764=ORIENTED_EDGE('',*,*,#1325,.F.);
#1765=ORIENTED_EDGE('',*,*,#1327,.F.);
#1766=ORIENTED_EDGE('',*,*,#1328,.T.);
#1767=ORIENTED_EDGE('',*,*,#1329,.F.);
#1768=ORIENTED_EDGE('',*,*,#1328,.F.);
#1769=ORIENTED_EDGE('',*,*,#1330,.F.);
#1770=ORIENTED_EDGE('',*,*,#1320,.T.);
#1771=ORIENTED_EDGE('',*,*,#1326,.T.);
#1772=ORIENTED_EDGE('',*,*,#1329,.T.);
#1773=ORIENTED_EDGE('',*,*,#1319,.T.);
#1774=ORIENTED_EDGE('',*,*,#1323,.T.);
#1775=ORIENTED_EDGE('',*,*,#1331,.T.);
#1776=ORIENTED_EDGE('',*,*,#1332,.F.);
#1777=ORIENTED_EDGE('',*,*,#1333,.T.);
#1778=ORIENTED_EDGE('',*,*,#1171,.T.);
#1779=ORIENTED_EDGE('',*,*,#1333,.F.);
#1780=ORIENTED_EDGE('',*,*,#1334,.F.);
#1781=ORIENTED_EDGE('',*,*,#1335,.T.);
#1782=ORIENTED_EDGE('',*,*,#1168,.T.);
#1783=ORIENTED_EDGE('',*,*,#1335,.F.);
#1784=ORIENTED_EDGE('',*,*,#1336,.F.);
#1785=ORIENTED_EDGE('',*,*,#1337,.T.);
#1786=ORIENTED_EDGE('',*,*,#1169,.T.);
#1787=ORIENTED_EDGE('',*,*,#1337,.F.);
#1788=ORIENTED_EDGE('',*,*,#1338,.F.);
#1789=ORIENTED_EDGE('',*,*,#1331,.F.);
#1790=ORIENTED_EDGE('',*,*,#1170,.T.);
#1791=ORIENTED_EDGE('',*,*,#1339,.F.);
#1792=ORIENTED_EDGE('',*,*,#1340,.T.);
#1793=ORIENTED_EDGE('',*,*,#1341,.F.);
#1794=ORIENTED_EDGE('',*,*,#1342,.F.);
#1795=ORIENTED_EDGE('',*,*,#1343,.F.);
#1796=ORIENTED_EDGE('',*,*,#1342,.T.);
#1797=ORIENTED_EDGE('',*,*,#1344,.F.);
#1798=ORIENTED_EDGE('',*,*,#1345,.F.);
#1799=ORIENTED_EDGE('',*,*,#1346,.F.);
#1800=ORIENTED_EDGE('',*,*,#1345,.T.);
#1801=ORIENTED_EDGE('',*,*,#1347,.F.);
#1802=ORIENTED_EDGE('',*,*,#1348,.F.);
#1803=ORIENTED_EDGE('',*,*,#1349,.F.);
#1804=ORIENTED_EDGE('',*,*,#1348,.T.);
#1805=ORIENTED_EDGE('',*,*,#1350,.F.);
#1806=ORIENTED_EDGE('',*,*,#1340,.F.);
#1807=ORIENTED_EDGE('',*,*,#1350,.T.);
#1808=ORIENTED_EDGE('',*,*,#1347,.T.);
#1809=ORIENTED_EDGE('',*,*,#1344,.T.);
#1810=ORIENTED_EDGE('',*,*,#1341,.T.);
#1811=ORIENTED_EDGE('',*,*,#1338,.T.);
#1812=ORIENTED_EDGE('',*,*,#1336,.T.);
#1813=ORIENTED_EDGE('',*,*,#1334,.T.);
#1814=ORIENTED_EDGE('',*,*,#1332,.T.);
#1815=ORIENTED_EDGE('',*,*,#1351,.T.);
#1816=ORIENTED_EDGE('',*,*,#1352,.F.);
#1817=ORIENTED_EDGE('',*,*,#1353,.T.);
#1818=ORIENTED_EDGE('',*,*,#1175,.T.);
#1819=ORIENTED_EDGE('',*,*,#1353,.F.);
#1820=ORIENTED_EDGE('',*,*,#1354,.F.);
#1821=ORIENTED_EDGE('',*,*,#1355,.T.);
#1822=ORIENTED_EDGE('',*,*,#1172,.T.);
#1823=ORIENTED_EDGE('',*,*,#1355,.F.);
#1824=ORIENTED_EDGE('',*,*,#1356,.F.);
#1825=ORIENTED_EDGE('',*,*,#1357,.T.);
#1826=ORIENTED_EDGE('',*,*,#1173,.T.);
#1827=ORIENTED_EDGE('',*,*,#1357,.F.);
#1828=ORIENTED_EDGE('',*,*,#1358,.F.);
#1829=ORIENTED_EDGE('',*,*,#1351,.F.);
#1830=ORIENTED_EDGE('',*,*,#1174,.T.);
#1831=ORIENTED_EDGE('',*,*,#1359,.F.);
#1832=ORIENTED_EDGE('',*,*,#1360,.T.);
#1833=ORIENTED_EDGE('',*,*,#1361,.F.);
#1834=ORIENTED_EDGE('',*,*,#1362,.F.);
#1835=ORIENTED_EDGE('',*,*,#1363,.F.);
#1836=ORIENTED_EDGE('',*,*,#1362,.T.);
#1837=ORIENTED_EDGE('',*,*,#1364,.F.);
#1838=ORIENTED_EDGE('',*,*,#1365,.F.);
#1839=ORIENTED_EDGE('',*,*,#1366,.F.);
#1840=ORIENTED_EDGE('',*,*,#1365,.T.);
#1841=ORIENTED_EDGE('',*,*,#1367,.F.);
#1842=ORIENTED_EDGE('',*,*,#1368,.F.);
#1843=ORIENTED_EDGE('',*,*,#1369,.F.);
#1844=ORIENTED_EDGE('',*,*,#1368,.T.);
#1845=ORIENTED_EDGE('',*,*,#1370,.F.);
#1846=ORIENTED_EDGE('',*,*,#1360,.F.);
#1847=ORIENTED_EDGE('',*,*,#1370,.T.);
#1848=ORIENTED_EDGE('',*,*,#1367,.T.);
#1849=ORIENTED_EDGE('',*,*,#1364,.T.);
#1850=ORIENTED_EDGE('',*,*,#1361,.T.);
#1851=ORIENTED_EDGE('',*,*,#1358,.T.);
#1852=ORIENTED_EDGE('',*,*,#1356,.T.);
#1853=ORIENTED_EDGE('',*,*,#1354,.T.);
#1854=ORIENTED_EDGE('',*,*,#1352,.T.);
#1855=ORIENTED_EDGE('',*,*,#1371,.T.);
#1856=ORIENTED_EDGE('',*,*,#1372,.F.);
#1857=ORIENTED_EDGE('',*,*,#1373,.T.);
#1858=ORIENTED_EDGE('',*,*,#1183,.T.);
#1859=ORIENTED_EDGE('',*,*,#1373,.F.);
#1860=ORIENTED_EDGE('',*,*,#1374,.F.);
#1861=ORIENTED_EDGE('',*,*,#1375,.T.);
#1862=ORIENTED_EDGE('',*,*,#1180,.T.);
#1863=ORIENTED_EDGE('',*,*,#1375,.F.);
#1864=ORIENTED_EDGE('',*,*,#1376,.F.);
#1865=ORIENTED_EDGE('',*,*,#1377,.T.);
#1866=ORIENTED_EDGE('',*,*,#1181,.T.);
#1867=ORIENTED_EDGE('',*,*,#1377,.F.);
#1868=ORIENTED_EDGE('',*,*,#1378,.F.);
#1869=ORIENTED_EDGE('',*,*,#1371,.F.);
#1870=ORIENTED_EDGE('',*,*,#1182,.T.);
#1871=ORIENTED_EDGE('',*,*,#1379,.F.);
#1872=ORIENTED_EDGE('',*,*,#1380,.T.);
#1873=ORIENTED_EDGE('',*,*,#1381,.F.);
#1874=ORIENTED_EDGE('',*,*,#1382,.F.);
#1875=ORIENTED_EDGE('',*,*,#1383,.F.);
#1876=ORIENTED_EDGE('',*,*,#1382,.T.);
#1877=ORIENTED_EDGE('',*,*,#1384,.F.);
#1878=ORIENTED_EDGE('',*,*,#1385,.F.);
#1879=ORIENTED_EDGE('',*,*,#1386,.F.);
#1880=ORIENTED_EDGE('',*,*,#1385,.T.);
#1881=ORIENTED_EDGE('',*,*,#1387,.F.);
#1882=ORIENTED_EDGE('',*,*,#1388,.F.);
#1883=ORIENTED_EDGE('',*,*,#1389,.F.);
#1884=ORIENTED_EDGE('',*,*,#1388,.T.);
#1885=ORIENTED_EDGE('',*,*,#1390,.F.);
#1886=ORIENTED_EDGE('',*,*,#1380,.F.);
#1887=ORIENTED_EDGE('',*,*,#1390,.T.);
#1888=ORIENTED_EDGE('',*,*,#1387,.T.);
#1889=ORIENTED_EDGE('',*,*,#1384,.T.);
#1890=ORIENTED_EDGE('',*,*,#1381,.T.);
#1891=ORIENTED_EDGE('',*,*,#1378,.T.);
#1892=ORIENTED_EDGE('',*,*,#1376,.T.);
#1893=ORIENTED_EDGE('',*,*,#1374,.T.);
#1894=ORIENTED_EDGE('',*,*,#1372,.T.);
#1895=ORIENTED_EDGE('',*,*,#1391,.T.);
#1896=ORIENTED_EDGE('',*,*,#1392,.F.);
#1897=ORIENTED_EDGE('',*,*,#1393,.T.);
#1898=ORIENTED_EDGE('',*,*,#1179,.T.);
#1899=ORIENTED_EDGE('',*,*,#1393,.F.);
#1900=ORIENTED_EDGE('',*,*,#1394,.F.);
#1901=ORIENTED_EDGE('',*,*,#1395,.T.);
#1902=ORIENTED_EDGE('',*,*,#1176,.T.);
#1903=ORIENTED_EDGE('',*,*,#1395,.F.);
#1904=ORIENTED_EDGE('',*,*,#1396,.F.);
#1905=ORIENTED_EDGE('',*,*,#1397,.T.);
#1906=ORIENTED_EDGE('',*,*,#1177,.T.);
#1907=ORIENTED_EDGE('',*,*,#1397,.F.);
#1908=ORIENTED_EDGE('',*,*,#1398,.F.);
#1909=ORIENTED_EDGE('',*,*,#1391,.F.);
#1910=ORIENTED_EDGE('',*,*,#1178,.T.);
#1911=ORIENTED_EDGE('',*,*,#1399,.F.);
#1912=ORIENTED_EDGE('',*,*,#1400,.T.);
#1913=ORIENTED_EDGE('',*,*,#1401,.F.);
#1914=ORIENTED_EDGE('',*,*,#1402,.F.);
#1915=ORIENTED_EDGE('',*,*,#1403,.F.);
#1916=ORIENTED_EDGE('',*,*,#1402,.T.);
#1917=ORIENTED_EDGE('',*,*,#1404,.F.);
#1918=ORIENTED_EDGE('',*,*,#1405,.F.);
#1919=ORIENTED_EDGE('',*,*,#1406,.F.);
#1920=ORIENTED_EDGE('',*,*,#1405,.T.);
#1921=ORIENTED_EDGE('',*,*,#1407,.F.);
#1922=ORIENTED_EDGE('',*,*,#1408,.F.);
#1923=ORIENTED_EDGE('',*,*,#1409,.F.);
#1924=ORIENTED_EDGE('',*,*,#1408,.T.);
#1925=ORIENTED_EDGE('',*,*,#1410,.F.);
#1926=ORIENTED_EDGE('',*,*,#1400,.F.);
#1927=ORIENTED_EDGE('',*,*,#1410,.T.);
#1928=ORIENTED_EDGE('',*,*,#1407,.T.);
#1929=ORIENTED_EDGE('',*,*,#1404,.T.);
#1930=ORIENTED_EDGE('',*,*,#1401,.T.);
#1931=ORIENTED_EDGE('',*,*,#1398,.T.);
#1932=ORIENTED_EDGE('',*,*,#1396,.T.);
#1933=ORIENTED_EDGE('',*,*,#1394,.T.);
#1934=ORIENTED_EDGE('',*,*,#1392,.T.);
#1935=ORIENTED_EDGE('',*,*,#1411,.F.);
#1936=ORIENTED_EDGE('',*,*,#1412,.F.);
#1937=ORIENTED_EDGE('',*,*,#1413,.F.);
#1938=ORIENTED_EDGE('',*,*,#1414,.F.);
#1939=ORIENTED_EDGE('',*,*,#1415,.F.);
#1940=ORIENTED_EDGE('',*,*,#1416,.F.);
#1941=ORIENTED_EDGE('',*,*,#1417,.F.);
#1942=ORIENTED_EDGE('',*,*,#1418,.F.);
#1943=ORIENTED_EDGE('',*,*,#1212,.T.);
#1944=ORIENTED_EDGE('',*,*,#1215,.T.);
#1945=ORIENTED_EDGE('',*,*,#1217,.T.);
#1946=ORIENTED_EDGE('',*,*,#1219,.T.);
#1947=ORIENTED_EDGE('',*,*,#1221,.T.);
#1948=ORIENTED_EDGE('',*,*,#1223,.T.);
#1949=ORIENTED_EDGE('',*,*,#1225,.T.);
#1950=ORIENTED_EDGE('',*,*,#1227,.T.);
#1951=ORIENTED_EDGE('',*,*,#1229,.T.);
#1952=ORIENTED_EDGE('',*,*,#1231,.T.);
#1953=ORIENTED_EDGE('',*,*,#1233,.T.);
#1954=ORIENTED_EDGE('',*,*,#1235,.T.);
#1955=ORIENTED_EDGE('',*,*,#1237,.T.);
#1956=ORIENTED_EDGE('',*,*,#1239,.T.);
#1957=ORIENTED_EDGE('',*,*,#1241,.T.);
#1958=ORIENTED_EDGE('',*,*,#1243,.T.);
#1959=ORIENTED_EDGE('',*,*,#1245,.T.);
#1960=ORIENTED_EDGE('',*,*,#1247,.T.);
#1961=ORIENTED_EDGE('',*,*,#1249,.T.);
#1962=ORIENTED_EDGE('',*,*,#1251,.T.);
#1963=ORIENTED_EDGE('',*,*,#1253,.T.);
#1964=ORIENTED_EDGE('',*,*,#1255,.T.);
#1965=ORIENTED_EDGE('',*,*,#1257,.T.);
#1966=ORIENTED_EDGE('',*,*,#1259,.T.);
#1967=ORIENTED_EDGE('',*,*,#1261,.T.);
#1968=ORIENTED_EDGE('',*,*,#1263,.T.);
#1969=ORIENTED_EDGE('',*,*,#1264,.T.);
#1970=ORIENTED_EDGE('',*,*,#1267,.T.);
#1971=ORIENTED_EDGE('',*,*,#1285,.T.);
#1972=ORIENTED_EDGE('',*,*,#1282,.T.);
#1973=ORIENTED_EDGE('',*,*,#1279,.T.);
#1974=ORIENTED_EDGE('',*,*,#1276,.T.);
#1975=ORIENTED_EDGE('',*,*,#1273,.T.);
#1976=ORIENTED_EDGE('',*,*,#1270,.T.);
#1977=ORIENTED_EDGE('',*,*,#1298,.T.);
#1978=ORIENTED_EDGE('',*,*,#1301,.T.);
#1979=ORIENTED_EDGE('',*,*,#1303,.T.);
#1980=ORIENTED_EDGE('',*,*,#1305,.T.);
#1981=ORIENTED_EDGE('',*,*,#1307,.T.);
#1982=ORIENTED_EDGE('',*,*,#1309,.T.);
#1983=ORIENTED_EDGE('',*,*,#1311,.T.);
#1984=ORIENTED_EDGE('',*,*,#1313,.T.);
#1985=ORIENTED_EDGE('',*,*,#1315,.T.);
#1986=ORIENTED_EDGE('',*,*,#1317,.T.);
#1987=ORIENTED_EDGE('',*,*,#1318,.T.);
#1988=ORIENTED_EDGE('',*,*,#1321,.T.);
#1989=ORIENTED_EDGE('',*,*,#1330,.T.);
#1990=ORIENTED_EDGE('',*,*,#1327,.T.);
#1991=ORIENTED_EDGE('',*,*,#1324,.T.);
#1992=ORIENTED_EDGE('',*,*,#1339,.T.);
#1993=ORIENTED_EDGE('',*,*,#1343,.T.);
#1994=ORIENTED_EDGE('',*,*,#1346,.T.);
#1995=ORIENTED_EDGE('',*,*,#1349,.T.);
#1996=ORIENTED_EDGE('',*,*,#1359,.T.);
#1997=ORIENTED_EDGE('',*,*,#1363,.T.);
#1998=ORIENTED_EDGE('',*,*,#1366,.T.);
#1999=ORIENTED_EDGE('',*,*,#1369,.T.);
#2000=ORIENTED_EDGE('',*,*,#1379,.T.);
#2001=ORIENTED_EDGE('',*,*,#1383,.T.);
#2002=ORIENTED_EDGE('',*,*,#1386,.T.);
#2003=ORIENTED_EDGE('',*,*,#1389,.T.);
#2004=ORIENTED_EDGE('',*,*,#1399,.T.);
#2005=ORIENTED_EDGE('',*,*,#1403,.T.);
#2006=ORIENTED_EDGE('',*,*,#1406,.T.);
#2007=ORIENTED_EDGE('',*,*,#1409,.T.);
#2008=ORIENTED_EDGE('',*,*,#1419,.T.);
#2009=ORIENTED_EDGE('',*,*,#1167,.T.);
#2010=ORIENTED_EDGE('',*,*,#1420,.T.);
#2011=ORIENTED_EDGE('',*,*,#1421,.T.);
#2012=ORIENTED_EDGE('',*,*,#1420,.F.);
#2013=ORIENTED_EDGE('',*,*,#1422,.F.);
#2014=ORIENTED_EDGE('',*,*,#1423,.T.);
#2015=ORIENTED_EDGE('',*,*,#1421,.F.);
#2016=ORIENTED_EDGE('',*,*,#1423,.F.);
#2017=ORIENTED_EDGE('',*,*,#1424,.T.);
#2018=ORIENTED_EDGE('',*,*,#1425,.T.);
#2019=ORIENTED_EDGE('',*,*,#1426,.T.);
#2020=ORIENTED_EDGE('',*,*,#1427,.T.);
#2021=ORIENTED_EDGE('',*,*,#1425,.F.);
#2022=ORIENTED_EDGE('',*,*,#1424,.F.);
#2023=ORIENTED_EDGE('',*,*,#1428,.F.);
#2024=ORIENTED_EDGE('',*,*,#1426,.F.);
#2025=ORIENTED_EDGE('',*,*,#1427,.F.);
#2026=ORIENTED_EDGE('',*,*,#1429,.T.);
#2027=ORIENTED_EDGE('',*,*,#1419,.F.);
#2028=ORIENTED_EDGE('',*,*,#1429,.F.);
#2029=ORIENTED_EDGE('',*,*,#1428,.T.);
#2030=ORIENTED_EDGE('',*,*,#1430,.T.);
#2031=ORIENTED_EDGE('',*,*,#1431,.T.);
#2032=ORIENTED_EDGE('',*,*,#1430,.F.);
#2033=ORIENTED_EDGE('',*,*,#1431,.F.);
#2034=ORIENTED_EDGE('',*,*,#1432,.T.);
#2035=ORIENTED_EDGE('',*,*,#1433,.T.);
#2036=ORIENTED_EDGE('',*,*,#1432,.F.);
#2037=ORIENTED_EDGE('',*,*,#1433,.F.);
#2038=ORIENTED_EDGE('',*,*,#1422,.T.);
#2039=ORIENTED_EDGE('',*,*,#1415,.T.);
#2040=ORIENTED_EDGE('',*,*,#1434,.T.);
#2041=ORIENTED_EDGE('',*,*,#1435,.F.);
#2042=ORIENTED_EDGE('',*,*,#1436,.F.);
#2043=ORIENTED_EDGE('',*,*,#1414,.T.);
#2044=ORIENTED_EDGE('',*,*,#1437,.T.);
#2045=ORIENTED_EDGE('',*,*,#1438,.F.);
#2046=ORIENTED_EDGE('',*,*,#1434,.F.);
#2047=ORIENTED_EDGE('',*,*,#1413,.T.);
#2048=ORIENTED_EDGE('',*,*,#1439,.T.);
#2049=ORIENTED_EDGE('',*,*,#1440,.F.);
#2050=ORIENTED_EDGE('',*,*,#1437,.F.);
#2051=ORIENTED_EDGE('',*,*,#1412,.T.);
#2052=ORIENTED_EDGE('',*,*,#1441,.T.);
#2053=ORIENTED_EDGE('',*,*,#1442,.F.);
#2054=ORIENTED_EDGE('',*,*,#1439,.F.);
#2055=ORIENTED_EDGE('',*,*,#1411,.T.);
#2056=ORIENTED_EDGE('',*,*,#1443,.T.);
#2057=ORIENTED_EDGE('',*,*,#1444,.F.);
#2058=ORIENTED_EDGE('',*,*,#1441,.F.);
#2059=ORIENTED_EDGE('',*,*,#1416,.T.);
#2060=ORIENTED_EDGE('',*,*,#1436,.T.);
#2061=ORIENTED_EDGE('',*,*,#1445,.F.);
#2062=ORIENTED_EDGE('',*,*,#1446,.F.);
#2063=ORIENTED_EDGE('',*,*,#1417,.T.);
#2064=ORIENTED_EDGE('',*,*,#1446,.T.);
#2065=ORIENTED_EDGE('',*,*,#1447,.F.);
#2066=ORIENTED_EDGE('',*,*,#1448,.F.);
#2067=ORIENTED_EDGE('',*,*,#1418,.T.);
#2068=ORIENTED_EDGE('',*,*,#1448,.T.);
#2069=ORIENTED_EDGE('',*,*,#1449,.F.);
#2070=ORIENTED_EDGE('',*,*,#1443,.F.);
#2071=ORIENTED_EDGE('',*,*,#1148,.F.);
#2072=ORIENTED_EDGE('',*,*,#1160,.T.);
#2073=ORIENTED_EDGE('',*,*,#1450,.F.);
#2074=ORIENTED_EDGE('',*,*,#1451,.F.);
#2075=ORIENTED_EDGE('',*,*,#1145,.F.);
#2076=ORIENTED_EDGE('',*,*,#1451,.T.);
#2077=ORIENTED_EDGE('',*,*,#1452,.F.);
#2078=ORIENTED_EDGE('',*,*,#1453,.F.);
#2079=ORIENTED_EDGE('',*,*,#1142,.F.);
#2080=ORIENTED_EDGE('',*,*,#1453,.T.);
#2081=ORIENTED_EDGE('',*,*,#1454,.F.);
#2082=ORIENTED_EDGE('',*,*,#1455,.F.);
#2083=ORIENTED_EDGE('',*,*,#1139,.F.);
#2084=ORIENTED_EDGE('',*,*,#1455,.T.);
#2085=ORIENTED_EDGE('',*,*,#1456,.F.);
#2086=ORIENTED_EDGE('',*,*,#1165,.F.);
#2087=ORIENTED_EDGE('',*,*,#1166,.T.);
#2088=ORIENTED_EDGE('',*,*,#1456,.T.);
#2089=ORIENTED_EDGE('',*,*,#1454,.T.);
#2090=ORIENTED_EDGE('',*,*,#1452,.T.);
#2091=ORIENTED_EDGE('',*,*,#1450,.T.);
#2092=ORIENTED_EDGE('',*,*,#1159,.T.);
#2093=ORIENTED_EDGE('',*,*,#1162,.T.);
#2094=ORIENTED_EDGE('',*,*,#1164,.T.);
#2095=ORIENTED_EDGE('',*,*,#1449,.T.);
#2096=ORIENTED_EDGE('',*,*,#1447,.T.);
#2097=ORIENTED_EDGE('',*,*,#1445,.T.);
#2098=ORIENTED_EDGE('',*,*,#1435,.T.);
#2099=ORIENTED_EDGE('',*,*,#1438,.T.);
#2100=ORIENTED_EDGE('',*,*,#1440,.T.);
#2101=ORIENTED_EDGE('',*,*,#1442,.T.);
#2102=ORIENTED_EDGE('',*,*,#1444,.T.);
#2103=PLANE('',#2344);
#2104=PLANE('',#2348);
#2105=PLANE('',#2352);
#2106=PLANE('',#2356);
#2107=PLANE('',#2362);
#2108=PLANE('',#2365);
#2109=PLANE('',#2366);
#2110=PLANE('',#2368);
#2111=PLANE('',#2369);
#2112=PLANE('',#2370);
#2113=PLANE('',#2371);
#2114=PLANE('',#2372);
#2115=PLANE('',#2373);
#2116=PLANE('',#2374);
#2117=PLANE('',#2375);
#2118=PLANE('',#2376);
#2119=PLANE('',#2377);
#2120=PLANE('',#2378);
#2121=PLANE('',#2379);
#2122=PLANE('',#2380);
#2123=PLANE('',#2381);
#2124=PLANE('',#2382);
#2125=PLANE('',#2383);
#2126=PLANE('',#2384);
#2127=PLANE('',#2385);
#2128=PLANE('',#2386);
#2129=PLANE('',#2387);
#2130=PLANE('',#2388);
#2131=PLANE('',#2389);
#2132=PLANE('',#2390);
#2133=PLANE('',#2391);
#2134=PLANE('',#2392);
#2135=PLANE('',#2393);
#2136=PLANE('',#2394);
#2137=PLANE('',#2395);
#2138=PLANE('',#2396);
#2139=PLANE('',#2397);
#2140=PLANE('',#2398);
#2141=PLANE('',#2399);
#2142=PLANE('',#2400);
#2143=PLANE('',#2401);
#2144=PLANE('',#2402);
#2145=PLANE('',#2403);
#2146=PLANE('',#2404);
#2147=PLANE('',#2405);
#2148=PLANE('',#2406);
#2149=PLANE('',#2407);
#2150=PLANE('',#2408);
#2151=PLANE('',#2409);
#2152=PLANE('',#2410);
#2153=PLANE('',#2411);
#2154=PLANE('',#2412);
#2155=PLANE('',#2413);
#2156=PLANE('',#2414);
#2157=PLANE('',#2415);
#2158=PLANE('',#2416);
#2159=PLANE('',#2417);
#2160=PLANE('',#2418);
#2161=PLANE('',#2419);
#2162=PLANE('',#2420);
#2163=PLANE('',#2421);
#2164=PLANE('',#2422);
#2165=PLANE('',#2423);
#2166=PLANE('',#2424);
#2167=PLANE('',#2425);
#2168=PLANE('',#2426);
#2169=PLANE('',#2427);
#2170=PLANE('',#2428);
#2171=PLANE('',#2429);
#2172=PLANE('',#2430);
#2173=PLANE('',#2431);
#2174=PLANE('',#2432);
#2175=PLANE('',#2433);
#2176=PLANE('',#2434);
#2177=PLANE('',#2435);
#2178=PLANE('',#2436);
#2179=PLANE('',#2437);
#2180=PLANE('',#2438);
#2181=PLANE('',#2439);
#2182=PLANE('',#2440);
#2183=PLANE('',#2441);
#2184=PLANE('',#2455);
#2185=PLANE('',#2462);
#2186=PLANE('',#2465);
#2187=PLANE('',#2468);
#2188=PLANE('',#2471);
#2189=PLANE('',#2474);
#2190=PLANE('',#2475);
#2191=PLANE('',#2478);
#2192=PLANE('',#2481);
#2193=ADVANCED_FACE('',(#143),#2103,.T.);
#2194=ADVANCED_FACE('',(#144),#132,.T.);
#2195=ADVANCED_FACE('',(#145),#2104,.T.);
#2196=ADVANCED_FACE('',(#146),#133,.T.);
#2197=ADVANCED_FACE('',(#147),#2105,.T.);
#2198=ADVANCED_FACE('',(#148),#134,.T.);
#2199=ADVANCED_FACE('',(#149),#2106,.T.);
#2200=ADVANCED_FACE('',(#150),#135,.T.);
#2201=ADVANCED_FACE('',(#151),#95,.T.);
#2202=ADVANCED_FACE('',(#152),#2107,.T.);
#2203=ADVANCED_FACE('',(#153),#96,.T.);
#2204=ADVANCED_FACE('',(#154),#2108,.T.);
#2205=ADVANCED_FACE('',(#155,#78),#2109,.F.);
#2206=ADVANCED_FACE('',(#156),#2110,.F.);
#2207=ADVANCED_FACE('',(#157),#2111,.F.);
#2208=ADVANCED_FACE('',(#158),#2112,.F.);
#2209=ADVANCED_FACE('',(#159),#2113,.F.);
#2210=ADVANCED_FACE('',(#160),#2114,.F.);
#2211=ADVANCED_FACE('',(#161),#2115,.T.);
#2212=ADVANCED_FACE('',(#162),#18,.T.);
#2213=ADVANCED_FACE('',(#163),#19,.T.);
#2214=ADVANCED_FACE('',(#164),#20,.T.);
#2215=ADVANCED_FACE('',(#165),#21,.T.);
#2216=ADVANCED_FACE('',(#166),#22,.T.);
#2217=ADVANCED_FACE('',(#167),#2116,.T.);
#2218=ADVANCED_FACE('',(#168),#2117,.T.);
#2219=ADVANCED_FACE('',(#169),#2118,.T.);
#2220=ADVANCED_FACE('',(#170),#23,.T.);
#2221=ADVANCED_FACE('',(#171),#24,.T.);
#2222=ADVANCED_FACE('',(#172),#25,.T.);
#2223=ADVANCED_FACE('',(#173),#26,.T.);
#2224=ADVANCED_FACE('',(#174),#27,.T.);
#2225=ADVANCED_FACE('',(#175),#2119,.T.);
#2226=ADVANCED_FACE('',(#176),#2120,.T.);
#2227=ADVANCED_FACE('',(#177),#28,.T.);
#2228=ADVANCED_FACE('',(#178),#29,.T.);
#2229=ADVANCED_FACE('',(#179),#30,.T.);
#2230=ADVANCED_FACE('',(#180),#31,.T.);
#2231=ADVANCED_FACE('',(#181),#2121,.T.);
#2232=ADVANCED_FACE('',(#182),#32,.T.);
#2233=ADVANCED_FACE('',(#183),#33,.T.);
#2234=ADVANCED_FACE('',(#184),#34,.T.);
#2235=ADVANCED_FACE('',(#185),#35,.T.);
#2236=ADVANCED_FACE('',(#186),#36,.T.);
#2237=ADVANCED_FACE('',(#187),#2122,.T.);
#2238=ADVANCED_FACE('',(#188),#2123,.T.);
#2239=ADVANCED_FACE('',(#189),#2124,.T.);
#2240=ADVANCED_FACE('',(#190),#2125,.T.);
#2241=ADVANCED_FACE('',(#191),#2126,.T.);
#2242=ADVANCED_FACE('',(#192),#2127,.T.);
#2243=ADVANCED_FACE('',(#193),#2128,.T.);
#2244=ADVANCED_FACE('',(#194),#2129,.T.);
#2245=ADVANCED_FACE('',(#195),#2130,.F.);
#2246=ADVANCED_FACE('',(#196),#2131,.F.);
#2247=ADVANCED_FACE('',(#197),#2132,.T.);
#2248=ADVANCED_FACE('',(#198),#2133,.T.);
#2249=ADVANCED_FACE('',(#199),#2134,.T.);
#2250=ADVANCED_FACE('',(#200),#2135,.T.);
#2251=ADVANCED_FACE('',(#201),#2136,.T.);
#2252=ADVANCED_FACE('',(#202),#2137,.T.);
#2253=ADVANCED_FACE('',(#203),#2138,.T.);
#2254=ADVANCED_FACE('',(#204),#2139,.T.);
#2255=ADVANCED_FACE('',(#205),#2140,.T.);
#2256=ADVANCED_FACE('',(#206),#2141,.T.);
#2257=ADVANCED_FACE('',(#207),#37,.T.);
#2258=ADVANCED_FACE('',(#208),#2142,.T.);
#2259=ADVANCED_FACE('',(#209),#2143,.T.);
#2260=ADVANCED_FACE('',(#210),#2144,.T.);
#2261=ADVANCED_FACE('',(#211),#2145,.T.);
#2262=ADVANCED_FACE('',(#212),#2146,.F.);
#2263=ADVANCED_FACE('',(#213),#2147,.T.);
#2264=ADVANCED_FACE('',(#214),#2148,.T.);
#2265=ADVANCED_FACE('',(#215),#2149,.T.);
#2266=ADVANCED_FACE('',(#216),#2150,.T.);
#2267=ADVANCED_FACE('',(#217),#2151,.T.);
#2268=ADVANCED_FACE('',(#218),#2152,.T.);
#2269=ADVANCED_FACE('',(#219),#2153,.T.);
#2270=ADVANCED_FACE('',(#220),#2154,.T.);
#2271=ADVANCED_FACE('',(#221,#79),#2155,.T.);
#2272=ADVANCED_FACE('',(#222),#2156,.T.);
#2273=ADVANCED_FACE('',(#223),#2157,.T.);
#2274=ADVANCED_FACE('',(#224),#2158,.T.);
#2275=ADVANCED_FACE('',(#225),#2159,.T.);
#2276=ADVANCED_FACE('',(#226),#2160,.T.);
#2277=ADVANCED_FACE('',(#227),#2161,.T.);
#2278=ADVANCED_FACE('',(#228),#2162,.T.);
#2279=ADVANCED_FACE('',(#229),#2163,.T.);
#2280=ADVANCED_FACE('',(#230,#80),#2164,.T.);
#2281=ADVANCED_FACE('',(#231),#2165,.T.);
#2282=ADVANCED_FACE('',(#232),#2166,.T.);
#2283=ADVANCED_FACE('',(#233),#2167,.T.);
#2284=ADVANCED_FACE('',(#234),#2168,.T.);
#2285=ADVANCED_FACE('',(#235),#2169,.T.);
#2286=ADVANCED_FACE('',(#236),#2170,.T.);
#2287=ADVANCED_FACE('',(#237),#2171,.T.);
#2288=ADVANCED_FACE('',(#238),#2172,.T.);
#2289=ADVANCED_FACE('',(#239,#81),#2173,.T.);
#2290=ADVANCED_FACE('',(#240),#2174,.T.);
#2291=ADVANCED_FACE('',(#241),#2175,.T.);
#2292=ADVANCED_FACE('',(#242),#2176,.T.);
#2293=ADVANCED_FACE('',(#243),#2177,.T.);
#2294=ADVANCED_FACE('',(#244),#2178,.T.);
#2295=ADVANCED_FACE('',(#245),#2179,.T.);
#2296=ADVANCED_FACE('',(#246),#2180,.T.);
#2297=ADVANCED_FACE('',(#247),#2181,.T.);
#2298=ADVANCED_FACE('',(#248,#82),#2182,.T.);
#2299=ADVANCED_FACE('',(#249,#83,#84,#85,#86,#87,#88,#89,#90,#91),#2183,
 .F.);
#2300=ADVANCED_FACE('',(#250),#136,.F.);
#2301=ADVANCED_FACE('',(#251),#97,.F.);
#2302=ADVANCED_FACE('',(#252),#137,.T.);
#2303=ADVANCED_FACE('',(#253,#92),#2184,.T.);
#2304=ADVANCED_FACE('',(#254),#98,.T.);
#2305=ADVANCED_FACE('',(#255),#138,.F.);
#2306=ADVANCED_FACE('',(#256),#99,.F.);
#2307=ADVANCED_FACE('',(#257,#93),#2185,.T.);
#2308=ADVANCED_FACE('',(#258),#139,.F.);
#2309=ADVANCED_FACE('',(#259),#2186,.T.);
#2310=ADVANCED_FACE('',(#260),#140,.F.);
#2311=ADVANCED_FACE('',(#261),#2187,.T.);
#2312=ADVANCED_FACE('',(#262),#141,.F.);
#2313=ADVANCED_FACE('',(#263),#2188,.T.);
#2314=ADVANCED_FACE('',(#264),#142,.F.);
#2315=ADVANCED_FACE('',(#265),#2189,.T.);
#2316=ADVANCED_FACE('',(#266),#2190,.T.);
#2317=ADVANCED_FACE('',(#267),#100,.T.);
#2318=ADVANCED_FACE('',(#268),#2191,.T.);
#2319=ADVANCED_FACE('',(#269),#101,.T.);
#2320=ADVANCED_FACE('',(#270,#94),#2192,.T.);
#2321=CLOSED_SHELL('',(#2193,#2194,#2195,#2196,#2197,#2198,#2199,#2200,
#2201,#2202,#2203,#2204,#2205,#2206,#2207,#2208,#2209,#2210,#2211,#2212,
#2213,#2214,#2215,#2216,#2217,#2218,#2219,#2220,#2221,#2222,#2223,#2224,
#2225,#2226,#2227,#2228,#2229,#2230,#2231,#2232,#2233,#2234,#2235,#2236,
#2237,#2238,#2239,#2240,#2241,#2242,#2243,#2244,#2245,#2246,#2247,#2248,
#2249,#2250,#2251,#2252,#2253,#2254,#2255,#2256,#2257,#2258,#2259,#2260,
#2261,#2262,#2263,#2264,#2265,#2266,#2267,#2268,#2269,#2270,#2271,#2272,
#2273,#2274,#2275,#2276,#2277,#2278,#2279,#2280,#2281,#2282,#2283,#2284,
#2285,#2286,#2287,#2288,#2289,#2290,#2291,#2292,#2293,#2294,#2295,#2296,
#2297,#2298,#2299,#2300,#2301,#2302,#2303,#2304,#2305,#2306,#2307,#2308,
#2309,#2310,#2311,#2312,#2313,#2314,#2315,#2316,#2317,#2318,#2319,#2320));
#2322=DERIVED_UNIT_ELEMENT(#2325,1.);
#2323=DERIVED_UNIT_ELEMENT(#4002,-3.);
#2324=DIMENSIONAL_EXPONENTS(0.,1.,0.,0.,0.,0.,0.);
#2325=(
CONVERSION_BASED_UNIT('gram',#2327)
MASS_UNIT()
NAMED_UNIT(#2324)
);
#2326=(
MASS_UNIT()
NAMED_UNIT(*)
SI_UNIT(.KILO.,.GRAM.)
);
#2327=MASS_MEASURE_WITH_UNIT(MASS_MEASURE(0.001),#2326);
#2328=DERIVED_UNIT((#2322,#2323));
#2329=MEASURE_REPRESENTATION_ITEM('density measure',
POSITIVE_RATIO_MEASURE(0.357272727273),#2328);
#2330=PROPERTY_DEFINITION_REPRESENTATION(#2335,#2332);
#2331=PROPERTY_DEFINITION_REPRESENTATION(#2336,#2333);
#2332=REPRESENTATION('material name',(#2334),#3999);
#2333=REPRESENTATION('density',(#2329),#3999);
#2334=DESCRIPTIVE_REPRESENTATION_ITEM('PC/ABS Plastic','PC/ABS Plastic');
#2335=PROPERTY_DEFINITION('material property','material name',#4009);
#2336=PROPERTY_DEFINITION('material property','density of part',#4009);
#2337=DATE_TIME_ROLE('creation_date');
#2338=APPLIED_DATE_AND_TIME_ASSIGNMENT(#2339,#2337,(#4009));
#2339=DATE_AND_TIME(#2340,#2341);
#2340=CALENDAR_DATE(2024,2,2);
#2341=LOCAL_TIME(0,0,0.,#2342);
#2342=COORDINATED_UNIVERSAL_TIME_OFFSET(0,0,.BEHIND.);
#2343=AXIS2_PLACEMENT_3D('',#3013,#2482,#2483);
#2344=AXIS2_PLACEMENT_3D('',#3014,#2484,#2485);
#2345=AXIS2_PLACEMENT_3D('',#3023,#2490,#2491);
#2346=AXIS2_PLACEMENT_3D('',#3027,#2493,#2494);
#2347=AXIS2_PLACEMENT_3D('',#3028,#2495,#2496);
#2348=AXIS2_PLACEMENT_3D('',#3029,#2497,#2498);
#2349=AXIS2_PLACEMENT_3D('',#3035,#2502,#2503);
#2350=AXIS2_PLACEMENT_3D('',#3039,#2505,#2506);
#2351=AXIS2_PLACEMENT_3D('',#3040,#2507,#2508);
#2352=AXIS2_PLACEMENT_3D('',#3041,#2509,#2510);
#2353=AXIS2_PLACEMENT_3D('',#3047,#2514,#2515);
#2354=AXIS2_PLACEMENT_3D('',#3051,#2517,#2518);
#2355=AXIS2_PLACEMENT_3D('',#3052,#2519,#2520);
#2356=AXIS2_PLACEMENT_3D('',#3053,#2521,#2522);
#2357=AXIS2_PLACEMENT_3D('',#3059,#2526,#2527);
#2358=AXIS2_PLACEMENT_3D('',#3060,#2528,#2529);
#2359=AXIS2_PLACEMENT_3D('',#3061,#2530,#2531);
#2360=AXIS2_PLACEMENT_3D('',#3062,#2532,#2533);
#2361=AXIS2_PLACEMENT_3D('',#3066,#2535,#2536);
#2362=AXIS2_PLACEMENT_3D('',#3068,#2538,#2539);
#2363=AXIS2_PLACEMENT_3D('',#3072,#2542,#2543);
#2364=AXIS2_PLACEMENT_3D('',#3075,#2545,#2546);
#2365=AXIS2_PLACEMENT_3D('',#3076,#2547,#2548);
#2366=AXIS2_PLACEMENT_3D('',#3080,#2551,#2552);
#2367=AXIS2_PLACEMENT_3D('',#3082,#2553,#2554);
#2368=AXIS2_PLACEMENT_3D('',#3083,#2555,#2556);
#2369=AXIS2_PLACEMENT_3D('',#3092,#2561,#2562);
#2370=AXIS2_PLACEMENT_3D('',#3101,#2567,#2568);
#2371=AXIS2_PLACEMENT_3D('',#3110,#2573,#2574);
#2372=AXIS2_PLACEMENT_3D('',#3119,#2579,#2580);
#2373=AXIS2_PLACEMENT_3D('',#3287,#2589,#2590);
#2374=AXIS2_PLACEMENT_3D('',#3363,#2599,#2600);
#2375=AXIS2_PLACEMENT_3D('',#3367,#2603,#2604);
#2376=AXIS2_PLACEMENT_3D('',#3371,#2607,#2608);
#2377=AXIS2_PLACEMENT_3D('',#3445,#2616,#2617);
#2378=AXIS2_PLACEMENT_3D('',#3449,#2620,#2621);
#2379=AXIS2_PLACEMENT_3D('',#3509,#2628,#2629);
#2380=AXIS2_PLACEMENT_3D('',#3583,#2637,#2638);
#2381=AXIS2_PLACEMENT_3D('',#3585,#2640,#2641);
#2382=AXIS2_PLACEMENT_3D('',#3594,#2646,#2647);
#2383=AXIS2_PLACEMENT_3D('',#3600,#2651,#2652);
#2384=AXIS2_PLACEMENT_3D('',#3606,#2656,#2657);
#2385=AXIS2_PLACEMENT_3D('',#3612,#2661,#2662);
#2386=AXIS2_PLACEMENT_3D('',#3618,#2666,#2667);
#2387=AXIS2_PLACEMENT_3D('',#3624,#2671,#2672);
#2388=AXIS2_PLACEMENT_3D('',#3627,#2675,#2676);
#2389=AXIS2_PLACEMENT_3D('',#3628,#2677,#2678);
#2390=AXIS2_PLACEMENT_3D('',#3657,#2689,#2690);
#2391=AXIS2_PLACEMENT_3D('',#3663,#2694,#2695);
#2392=AXIS2_PLACEMENT_3D('',#3667,#2698,#2699);
#2393=AXIS2_PLACEMENT_3D('',#3671,#2702,#2703);
#2394=AXIS2_PLACEMENT_3D('',#3675,#2706,#2707);
#2395=AXIS2_PLACEMENT_3D('',#3679,#2710,#2711);
#2396=AXIS2_PLACEMENT_3D('',#3683,#2714,#2715);
#2397=AXIS2_PLACEMENT_3D('',#3687,#2718,#2719);
#2398=AXIS2_PLACEMENT_3D('',#3691,#2722,#2723);
#2399=AXIS2_PLACEMENT_3D('',#3695,#2726,#2727);
#2400=AXIS2_PLACEMENT_3D('',#3711,#2730,#2731);
#2401=AXIS2_PLACEMENT_3D('',#3720,#2736,#2737);
#2402=AXIS2_PLACEMENT_3D('',#3726,#2741,#2742);
#2403=AXIS2_PLACEMENT_3D('',#3732,#2746,#2747);
#2404=AXIS2_PLACEMENT_3D('',#3735,#2750,#2751);
#2405=AXIS2_PLACEMENT_3D('',#3736,#2752,#2753);
#2406=AXIS2_PLACEMENT_3D('',#3742,#2757,#2758);
#2407=AXIS2_PLACEMENT_3D('',#3746,#2761,#2762);
#2408=AXIS2_PLACEMENT_3D('',#3750,#2765,#2766);
#2409=AXIS2_PLACEMENT_3D('',#3752,#2768,#2769);
#2410=AXIS2_PLACEMENT_3D('',#3761,#2774,#2775);
#2411=AXIS2_PLACEMENT_3D('',#3767,#2779,#2780);
#2412=AXIS2_PLACEMENT_3D('',#3773,#2784,#2785);
#2413=AXIS2_PLACEMENT_3D('',#3776,#2788,#2789);
#2414=AXIS2_PLACEMENT_3D('',#3777,#2790,#2791);
#2415=AXIS2_PLACEMENT_3D('',#3783,#2795,#2796);
#2416=AXIS2_PLACEMENT_3D('',#3787,#2799,#2800);
#2417=AXIS2_PLACEMENT_3D('',#3791,#2803,#2804);
#2418=AXIS2_PLACEMENT_3D('',#3793,#2806,#2807);
#2419=AXIS2_PLACEMENT_3D('',#3802,#2812,#2813);
#2420=AXIS2_PLACEMENT_3D('',#3808,#2817,#2818);
#2421=AXIS2_PLACEMENT_3D('',#3814,#2822,#2823);
#2422=AXIS2_PLACEMENT_3D('',#3817,#2826,#2827);
#2423=AXIS2_PLACEMENT_3D('',#3818,#2828,#2829);
#2424=AXIS2_PLACEMENT_3D('',#3824,#2833,#2834);
#2425=AXIS2_PLACEMENT_3D('',#3828,#2837,#2838);
#2426=AXIS2_PLACEMENT_3D('',#3832,#2841,#2842);
#2427=AXIS2_PLACEMENT_3D('',#3834,#2844,#2845);
#2428=AXIS2_PLACEMENT_3D('',#3843,#2850,#2851);
#2429=AXIS2_PLACEMENT_3D('',#3849,#2855,#2856);
#2430=AXIS2_PLACEMENT_3D('',#3855,#2860,#2861);
#2431=AXIS2_PLACEMENT_3D('',#3858,#2864,#2865);
#2432=AXIS2_PLACEMENT_3D('',#3859,#2866,#2867);
#2433=AXIS2_PLACEMENT_3D('',#3865,#2871,#2872);
#2434=AXIS2_PLACEMENT_3D('',#3869,#2875,#2876);
#2435=AXIS2_PLACEMENT_3D('',#3873,#2879,#2880);
#2436=AXIS2_PLACEMENT_3D('',#3875,#2882,#2883);
#2437=AXIS2_PLACEMENT_3D('',#3884,#2888,#2889);
#2438=AXIS2_PLACEMENT_3D('',#3890,#2893,#2894);
#2439=AXIS2_PLACEMENT_3D('',#3896,#2898,#2899);
#2440=AXIS2_PLACEMENT_3D('',#3899,#2902,#2903);
#2441=AXIS2_PLACEMENT_3D('',#3900,#2904,#2905);
#2442=AXIS2_PLACEMENT_3D('',#3903,#2906,#2907);
#2443=AXIS2_PLACEMENT_3D('',#3907,#2909,#2910);
#2444=AXIS2_PLACEMENT_3D('',#3911,#2912,#2913);
#2445=AXIS2_PLACEMENT_3D('',#3915,#2915,#2916);
#2446=AXIS2_PLACEMENT_3D('',#3918,#2918,#2919);
#2447=AXIS2_PLACEMENT_3D('',#3919,#2920,#2921);
#2448=AXIS2_PLACEMENT_3D('',#3922,#2923,#2924);
#2449=AXIS2_PLACEMENT_3D('',#3923,#2925,#2926);
#2450=AXIS2_PLACEMENT_3D('',#3925,#2927,#2928);
#2451=AXIS2_PLACEMENT_3D('',#3927,#2930,#2931);
#2452=AXIS2_PLACEMENT_3D('',#3929,#2932,#2933);
#2453=AXIS2_PLACEMENT_3D('',#3933,#2935,#2936);
#2454=AXIS2_PLACEMENT_3D('',#3934,#2937,#2938);
#2455=AXIS2_PLACEMENT_3D('',#3935,#2939,#2940);
#2456=AXIS2_PLACEMENT_3D('',#3937,#2941,#2942);
#2457=AXIS2_PLACEMENT_3D('',#3938,#2943,#2944);
#2458=AXIS2_PLACEMENT_3D('',#3940,#2946,#2947);
#2459=AXIS2_PLACEMENT_3D('',#3943,#2949,#2950);
#2460=AXIS2_PLACEMENT_3D('',#3944,#2951,#2952);
#2461=AXIS2_PLACEMENT_3D('',#3947,#2954,#2955);
#2462=AXIS2_PLACEMENT_3D('',#3948,#2956,#2957);
#2463=AXIS2_PLACEMENT_3D('',#3949,#2958,#2959);
#2464=AXIS2_PLACEMENT_3D('',#3953,#2961,#2962);
#2465=AXIS2_PLACEMENT_3D('',#3955,#2964,#2965);
#2466=AXIS2_PLACEMENT_3D('',#3959,#2968,#2969);
#2467=AXIS2_PLACEMENT_3D('',#3962,#2971,#2972);
#2468=AXIS2_PLACEMENT_3D('',#3963,#2973,#2974);
#2469=AXIS2_PLACEMENT_3D('',#3967,#2977,#2978);
#2470=AXIS2_PLACEMENT_3D('',#3970,#2980,#2981);
#2471=AXIS2_PLACEMENT_3D('',#3971,#2982,#2983);
#2472=AXIS2_PLACEMENT_3D('',#3975,#2986,#2987);
#2473=AXIS2_PLACEMENT_3D('',#3977,#2988,#2989);
#2474=AXIS2_PLACEMENT_3D('',#3979,#2991,#2992);
#2475=AXIS2_PLACEMENT_3D('',#3981,#2994,#2995);
#2476=AXIS2_PLACEMENT_3D('',#3985,#2998,#2999);
#2477=AXIS2_PLACEMENT_3D('',#3987,#3000,#3001);
#2478=AXIS2_PLACEMENT_3D('',#3989,#3003,#3004);
#2479=AXIS2_PLACEMENT_3D('',#3993,#3007,#3008);
#2480=AXIS2_PLACEMENT_3D('',#3994,#3009,#3010);
#2481=AXIS2_PLACEMENT_3D('',#3995,#3011,#3012);
#2482=DIRECTION('axis',(0.,0.,1.));
#2483=DIRECTION('refdir',(1.,0.,0.));
#2484=DIRECTION('center_axis',(4.36895292851138E-17,-0.707106781186549,
-0.707106781186546));
#2485=DIRECTION('ref_axis',(-1.,0.,-6.17863248487046E-17));
#2486=DIRECTION('',(1.25607396694702E-14,-0.707106781186546,0.707106781186549));
#2487=DIRECTION('',(-1.,-6.17863248487044E-17,0.));
#2488=DIRECTION('',(0.,0.707106781186546,-0.707106781186549));
#2489=DIRECTION('',(1.,6.17863248487044E-17,0.));
#2490=DIRECTION('center_axis',(0.,0.,1.));
#2491=DIRECTION('ref_axis',(0.,-1.,0.));
#2492=DIRECTION('',(0.707106781186552,0.,0.707106781186542));
#2493=DIRECTION('center_axis',(0.,0.,-1.));
#2494=DIRECTION('ref_axis',(0.,-1.,0.));
#2495=DIRECTION('center_axis',(0.,0.,1.));
#2496=DIRECTION('ref_axis',(0.,-1.,0.));
#2497=DIRECTION('center_axis',(0.707106781186549,0.,-0.707106781186546));
#2498=DIRECTION('ref_axis',(-0.707106781186546,0.,-0.707106781186549));
#2499=DIRECTION('',(0.707106781186546,0.,0.707106781186549));
#2500=DIRECTION('',(0.,-1.,0.));
#2501=DIRECTION('',(0.,1.,0.));
#2502=DIRECTION('center_axis',(0.,0.,1.));
#2503=DIRECTION('ref_axis',(1.,-3.33066907387548E-15,0.));
#2504=DIRECTION('',(0.,0.707106781186552,0.707106781186542));
#2505=DIRECTION('center_axis',(0.,0.,-1.));
#2506=DIRECTION('ref_axis',(1.,-3.33066907387548E-15,0.));
#2507=DIRECTION('center_axis',(0.,0.,1.));
#2508=DIRECTION('ref_axis',(1.,-3.33066907387548E-15,0.));
#2509=DIRECTION('center_axis',(0.,0.707106781186549,-0.707106781186546));
#2510=DIRECTION('ref_axis',(-1.,0.,0.));
#2511=DIRECTION('',(-1.25607396694702E-14,0.707106781186546,0.707106781186549));
#2512=DIRECTION('',(1.,0.,0.));
#2513=DIRECTION('',(-1.,0.,0.));
#2514=DIRECTION('center_axis',(0.,0.,1.));
#2515=DIRECTION('ref_axis',(0.,1.,0.));
#2516=DIRECTION('',(-0.707106781186552,0.,0.707106781186542));
#2517=DIRECTION('center_axis',(0.,0.,-1.));
#2518=DIRECTION('ref_axis',(0.,1.,0.));
#2519=DIRECTION('center_axis',(0.,0.,1.));
#2520=DIRECTION('ref_axis',(0.,1.,0.));
#2521=DIRECTION('center_axis',(-0.707106781186549,0.,-0.707106781186546));
#2522=DIRECTION('ref_axis',(-0.707106781186546,0.,0.707106781186549));
#2523=DIRECTION('',(-0.707106781186546,0.,0.707106781186549));
#2524=DIRECTION('',(0.,1.,0.));
#2525=DIRECTION('',(0.,-1.,0.));
#2526=DIRECTION('center_axis',(0.,0.,1.));
#2527=DIRECTION('ref_axis',(-1.,-1.11022302462516E-15,0.));
#2528=DIRECTION('center_axis',(0.,0.,-1.));
#2529=DIRECTION('ref_axis',(-1.,-1.11022302462516E-15,0.));
#2530=DIRECTION('center_axis',(0.,0.,1.));
#2531=DIRECTION('ref_axis',(-1.,-1.11022302462516E-15,0.));
#2532=DIRECTION('center_axis',(0.,0.,1.));
#2533=DIRECTION('ref_axis',(0.,1.,0.));
#2534=DIRECTION('',(0.,0.,1.));
#2535=DIRECTION('center_axis',(0.,0.,-1.));
#2536=DIRECTION('ref_axis',(0.,1.,0.));
#2537=DIRECTION('',(0.,0.,1.));
#2538=DIRECTION('center_axis',(-1.,0.,0.));
#2539=DIRECTION('ref_axis',(0.,-1.,0.));
#2540=DIRECTION('',(0.,0.,1.));
#2541=DIRECTION('',(0.,1.,0.));
#2542=DIRECTION('center_axis',(0.,0.,1.));
#2543=DIRECTION('ref_axis',(-1.,-1.11022302462516E-15,0.));
#2544=DIRECTION('',(0.,0.,1.));
#2545=DIRECTION('center_axis',(0.,0.,-1.));
#2546=DIRECTION('ref_axis',(-1.,-1.11022302462516E-15,0.));
#2547=DIRECTION('center_axis',(6.17863248487044E-17,-1.,0.));
#2548=DIRECTION('ref_axis',(1.,6.17863248487044E-17,0.));
#2549=DIRECTION('',(0.,0.,1.));
#2550=DIRECTION('',(-1.,-6.17863248487044E-17,0.));
#2551=DIRECTION('center_axis',(0.,0.,1.));
#2552=DIRECTION('ref_axis',(1.,0.,0.));
#2553=DIRECTION('center_axis',(0.,0.,-1.));
#2554=DIRECTION('ref_axis',(1.,0.,0.));
#2555=DIRECTION('center_axis',(0.,0.,-1.));
#2556=DIRECTION('ref_axis',(-1.,0.,0.));
#2557=DIRECTION('',(-1.,0.,0.));
#2558=DIRECTION('',(0.,-1.,0.));
#2559=DIRECTION('',(1.,6.29913772836968E-16,0.));
#2560=DIRECTION('',(0.,1.,0.));
#2561=DIRECTION('center_axis',(0.,0.,-1.));
#2562=DIRECTION('ref_axis',(-1.,0.,0.));
#2563=DIRECTION('',(-1.,0.,0.));
#2564=DIRECTION('',(0.,-1.,0.));
#2565=DIRECTION('',(1.,0.,0.));
#2566=DIRECTION('',(0.,1.,0.));
#2567=DIRECTION('center_axis',(0.,0.,-1.));
#2568=DIRECTION('ref_axis',(-1.,0.,0.));
#2569=DIRECTION('',(-1.,0.,0.));
#2570=DIRECTION('',(0.,-1.,0.));
#2571=DIRECTION('',(1.,6.29913772836968E-16,0.));
#2572=DIRECTION('',(0.,1.,0.));
#2573=DIRECTION('center_axis',(0.,0.,-1.));
#2574=DIRECTION('ref_axis',(-1.,0.,0.));
#2575=DIRECTION('',(-1.,0.,0.));
#2576=DIRECTION('',(0.,-1.,0.));
#2577=DIRECTION('',(1.,6.29913772836968E-16,0.));
#2578=DIRECTION('',(0.,1.,0.));
#2579=DIRECTION('center_axis',(0.,0.,-1.));
#2580=DIRECTION('ref_axis',(-1.,0.,0.));
#2581=DIRECTION('',(-1.,0.,0.));
#2582=DIRECTION('',(0.,-1.,0.));
#2583=DIRECTION('',(1.,0.,0.));
#2584=DIRECTION('',(-1.,0.,0.));
#2585=DIRECTION('',(0.,-1.,0.));
#2586=DIRECTION('',(0.,1.,0.));
#2587=DIRECTION('',(0.,-1.,0.));
#2588=DIRECTION('',(1.,0.,0.));
#2589=DIRECTION('center_axis',(0.,1.,0.));
#2590=DIRECTION('ref_axis',(0.,0.,1.));
#2591=DIRECTION('',(0.,0.,1.));
#2592=DIRECTION('',(1.,0.,0.));
#2593=DIRECTION('',(0.,0.,1.));
#2594=DIRECTION('',(0.,0.,1.));
#2595=DIRECTION('',(0.,0.,1.));
#2596=DIRECTION('',(0.,0.,1.));
#2597=DIRECTION('',(0.,0.,1.));
#2598=DIRECTION('',(0.,0.,1.));
#2599=DIRECTION('center_axis',(0.,-1.,0.));
#2600=DIRECTION('ref_axis',(0.,0.,-1.));
#2601=DIRECTION('',(0.,0.,1.));
#2602=DIRECTION('',(-1.,0.,0.));
#2603=DIRECTION('center_axis',(-1.,0.,0.));
#2604=DIRECTION('ref_axis',(0.,0.,1.));
#2605=DIRECTION('',(0.,0.,1.));
#2606=DIRECTION('',(0.,1.,0.));
#2607=DIRECTION('center_axis',(0.,1.,0.));
#2608=DIRECTION('ref_axis',(0.,0.,1.));
#2609=DIRECTION('',(0.,0.,1.));
#2610=DIRECTION('',(1.,0.,0.));
#2611=DIRECTION('',(0.,0.,1.));
#2612=DIRECTION('',(0.,0.,1.));
#2613=DIRECTION('',(0.,0.,1.));
#2614=DIRECTION('',(0.,0.,1.));
#2615=DIRECTION('',(0.,0.,1.));
#2616=DIRECTION('center_axis',(0.,-1.,0.));
#2617=DIRECTION('ref_axis',(0.,0.,-1.));
#2618=DIRECTION('',(0.,0.,1.));
#2619=DIRECTION('',(-1.,0.,0.));
#2620=DIRECTION('center_axis',(-1.,0.,0.));
#2621=DIRECTION('ref_axis',(0.,0.,1.));
#2622=DIRECTION('',(0.,0.,1.));
#2623=DIRECTION('',(0.,1.,0.));
#2624=DIRECTION('',(0.,0.,1.));
#2625=DIRECTION('',(0.,0.,1.));
#2626=DIRECTION('',(0.,0.,1.));
#2627=DIRECTION('',(0.,0.,1.));
#2628=DIRECTION('center_axis',(1.,0.,0.));
#2629=DIRECTION('ref_axis',(0.,0.,-1.));
#2630=DIRECTION('',(0.,0.,1.));
#2631=DIRECTION('',(0.,-1.,0.));
#2632=DIRECTION('',(0.,0.,1.));
#2633=DIRECTION('',(0.,0.,1.));
#2634=DIRECTION('',(0.,0.,1.));
#2635=DIRECTION('',(0.,0.,1.));
#2636=DIRECTION('',(0.,0.,1.));
#2637=DIRECTION('center_axis',(-1.,0.,0.));
#2638=DIRECTION('ref_axis',(0.,0.,1.));
#2639=DIRECTION('',(0.,1.,0.));
#2640=DIRECTION('center_axis',(0.942427745481246,0.334409845170767,0.));
#2641=DIRECTION('ref_axis',(0.,0.,-1.));
#2642=DIRECTION('',(-0.334409845170767,0.942427745481246,0.));
#2643=DIRECTION('',(0.,0.,1.));
#2644=DIRECTION('',(0.334409845170767,-0.942427745481246,0.));
#2645=DIRECTION('',(0.,0.,1.));
#2646=DIRECTION('center_axis',(0.,1.,0.));
#2647=DIRECTION('ref_axis',(0.,0.,1.));
#2648=DIRECTION('',(-1.,0.,0.));
#2649=DIRECTION('',(1.,0.,0.));
#2650=DIRECTION('',(0.,0.,1.));
#2651=DIRECTION('center_axis',(-0.936744248481591,-0.350014589605434,0.));
#2652=DIRECTION('ref_axis',(0.,0.,1.));
#2653=DIRECTION('',(0.350014589605433,-0.936744248481591,0.));
#2654=DIRECTION('',(-0.350014589605433,0.936744248481591,0.));
#2655=DIRECTION('',(0.,0.,1.));
#2656=DIRECTION('center_axis',(0.,-1.,0.));
#2657=DIRECTION('ref_axis',(0.,0.,-1.));
#2658=DIRECTION('',(1.,0.,0.));
#2659=DIRECTION('',(-1.,0.,0.));
#2660=DIRECTION('',(0.,0.,1.));
#2661=DIRECTION('center_axis',(0.935746495818411,-0.35267335533545,0.));
#2662=DIRECTION('ref_axis',(0.,0.,-1.));
#2663=DIRECTION('',(0.35267335533545,0.935746495818411,0.));
#2664=DIRECTION('',(-0.35267335533545,-0.935746495818411,0.));
#2665=DIRECTION('',(0.,0.,1.));
#2666=DIRECTION('center_axis',(0.,1.,0.));
#2667=DIRECTION('ref_axis',(0.,0.,1.));
#2668=DIRECTION('',(-1.,0.,0.));
#2669=DIRECTION('',(1.,0.,0.));
#2670=DIRECTION('',(0.,0.,1.));
#2671=DIRECTION('center_axis',(-0.943258685640993,0.332058807988624,0.));
#2672=DIRECTION('ref_axis',(0.,0.,1.));
#2673=DIRECTION('',(-0.332058807988624,-0.943258685640993,0.));
#2674=DIRECTION('',(0.332058807988624,0.943258685640993,0.));
#2675=DIRECTION('center_axis',(0.,0.,-1.));
#2676=DIRECTION('ref_axis',(-1.,0.,0.));
#2677=DIRECTION('center_axis',(0.,0.,-1.));
#2678=DIRECTION('ref_axis',(-1.,0.,0.));
#2679=DIRECTION('',(0.,-1.,0.));
#2680=DIRECTION('',(1.,0.,0.));
#2681=DIRECTION('',(0.,1.,0.));
#2682=DIRECTION('',(-1.,0.,0.));
#2683=DIRECTION('',(0.,1.,0.));
#2684=DIRECTION('',(-1.,0.,0.));
#2685=DIRECTION('',(0.,-1.,0.));
#2686=DIRECTION('',(1.,0.,0.));
#2687=DIRECTION('',(0.,-1.,0.));
#2688=DIRECTION('',(-1.,0.,0.));
#2689=DIRECTION('center_axis',(0.,1.,0.));
#2690=DIRECTION('ref_axis',(0.,0.,1.));
#2691=DIRECTION('',(0.,0.,1.));
#2692=DIRECTION('',(1.,0.,0.));
#2693=DIRECTION('',(0.,0.,1.));
#2694=DIRECTION('center_axis',(1.,0.,0.));
#2695=DIRECTION('ref_axis',(0.,0.,-1.));
#2696=DIRECTION('',(0.,0.,1.));
#2697=DIRECTION('',(0.,-1.,0.));
#2698=DIRECTION('center_axis',(0.,1.,0.));
#2699=DIRECTION('ref_axis',(0.,0.,1.));
#2700=DIRECTION('',(0.,0.,1.));
#2701=DIRECTION('',(1.,0.,0.));
#2702=DIRECTION('center_axis',(1.,0.,0.));
#2703=DIRECTION('ref_axis',(0.,0.,-1.));
#2704=DIRECTION('',(0.,0.,1.));
#2705=DIRECTION('',(0.,-1.,0.));
#2706=DIRECTION('center_axis',(0.,-1.,0.));
#2707=DIRECTION('ref_axis',(0.,0.,-1.));
#2708=DIRECTION('',(0.,0.,1.));
#2709=DIRECTION('',(-1.,0.,0.));
#2710=DIRECTION('center_axis',(-1.,0.,0.));
#2711=DIRECTION('ref_axis',(0.,0.,1.));
#2712=DIRECTION('',(0.,0.,1.));
#2713=DIRECTION('',(0.,1.,0.));
#2714=DIRECTION('center_axis',(0.,1.,0.));
#2715=DIRECTION('ref_axis',(0.,0.,1.));
#2716=DIRECTION('',(0.,0.,1.));
#2717=DIRECTION('',(1.,0.,0.));
#2718=DIRECTION('center_axis',(-1.,0.,0.));
#2719=DIRECTION('ref_axis',(0.,0.,1.));
#2720=DIRECTION('',(0.,0.,1.));
#2721=DIRECTION('',(0.,1.,0.));
#2722=DIRECTION('center_axis',(0.,-1.,0.));
#2723=DIRECTION('ref_axis',(0.,0.,-1.));
#2724=DIRECTION('',(0.,0.,1.));
#2725=DIRECTION('',(-1.,0.,0.));
#2726=DIRECTION('center_axis',(-1.,0.,0.));
#2727=DIRECTION('ref_axis',(0.,0.,1.));
#2728=DIRECTION('',(0.,0.,1.));
#2729=DIRECTION('',(0.,1.,0.));
#2730=DIRECTION('center_axis',(1.,0.,0.));
#2731=DIRECTION('ref_axis',(0.,0.,-1.));
#2732=DIRECTION('',(0.,1.,0.));
#2733=DIRECTION('',(0.,0.,1.));
#2734=DIRECTION('',(0.,-1.,0.));
#2735=DIRECTION('',(0.,0.,1.));
#2736=DIRECTION('center_axis',(0.,1.,0.));
#2737=DIRECTION('ref_axis',(0.,0.,1.));
#2738=DIRECTION('',(-1.,0.,0.));
#2739=DIRECTION('',(1.,0.,0.));
#2740=DIRECTION('',(0.,0.,1.));
#2741=DIRECTION('center_axis',(-1.,0.,0.));
#2742=DIRECTION('ref_axis',(0.,0.,1.));
#2743=DIRECTION('',(0.,-1.,0.));
#2744=DIRECTION('',(0.,1.,0.));
#2745=DIRECTION('',(0.,0.,1.));
#2746=DIRECTION('center_axis',(0.,-1.,0.));
#2747=DIRECTION('ref_axis',(0.,0.,-1.));
#2748=DIRECTION('',(1.,0.,0.));
#2749=DIRECTION('',(-1.,0.,0.));
#2750=DIRECTION('center_axis',(0.,0.,-1.));
#2751=DIRECTION('ref_axis',(-1.,0.,0.));
#2752=DIRECTION('center_axis',(1.,0.,0.));
#2753=DIRECTION('ref_axis',(0.,1.,0.));
#2754=DIRECTION('',(0.,0.,1.));
#2755=DIRECTION('',(0.,1.,0.));
#2756=DIRECTION('',(0.,0.,-1.));
#2757=DIRECTION('center_axis',(0.,1.,0.));
#2758=DIRECTION('ref_axis',(-1.,0.,0.));
#2759=DIRECTION('',(-1.,0.,0.));
#2760=DIRECTION('',(0.,0.,-1.));
#2761=DIRECTION('center_axis',(-1.,0.,0.));
#2762=DIRECTION('ref_axis',(0.,-1.,0.));
#2763=DIRECTION('',(0.,-1.,0.));
#2764=DIRECTION('',(0.,0.,-1.));
#2765=DIRECTION('center_axis',(6.29913772836968E-16,-1.,0.));
#2766=DIRECTION('ref_axis',(1.,6.29913772836968E-16,0.));
#2767=DIRECTION('',(1.,6.29913772836968E-16,0.));
#2768=DIRECTION('center_axis',(-1.,-4.44089209850063E-16,0.));
#2769=DIRECTION('ref_axis',(4.44089209850063E-16,-1.,0.));
#2770=DIRECTION('',(-4.44089209850063E-16,1.,0.));
#2771=DIRECTION('',(0.,0.,1.));
#2772=DIRECTION('',(4.44089209850063E-16,-1.,0.));
#2773=DIRECTION('',(0.,0.,1.));
#2774=DIRECTION('center_axis',(0.,1.,0.));
#2775=DIRECTION('ref_axis',(-1.,0.,0.));
#2776=DIRECTION('',(1.,0.,0.));
#2777=DIRECTION('',(-1.,0.,0.));
#2778=DIRECTION('',(0.,0.,1.));
#2779=DIRECTION('center_axis',(1.,0.,0.));
#2780=DIRECTION('ref_axis',(0.,1.,0.));
#2781=DIRECTION('',(0.,-1.,0.));
#2782=DIRECTION('',(0.,1.,0.));
#2783=DIRECTION('',(0.,0.,1.));
#2784=DIRECTION('center_axis',(0.,-1.,0.));
#2785=DIRECTION('ref_axis',(1.,0.,0.));
#2786=DIRECTION('',(-1.,0.,0.));
#2787=DIRECTION('',(1.,0.,0.));
#2788=DIRECTION('center_axis',(0.,0.,1.));
#2789=DIRECTION('ref_axis',(1.,0.,0.));
#2790=DIRECTION('center_axis',(1.,0.,0.));
#2791=DIRECTION('ref_axis',(0.,1.,0.));
#2792=DIRECTION('',(0.,0.,1.));
#2793=DIRECTION('',(0.,1.,0.));
#2794=DIRECTION('',(0.,0.,-1.));
#2795=DIRECTION('center_axis',(0.,1.,0.));
#2796=DIRECTION('ref_axis',(-1.,0.,0.));
#2797=DIRECTION('',(-1.,0.,0.));
#2798=DIRECTION('',(0.,0.,-1.));
#2799=DIRECTION('center_axis',(-1.,0.,0.));
#2800=DIRECTION('ref_axis',(0.,-1.,0.));
#2801=DIRECTION('',(0.,-1.,0.));
#2802=DIRECTION('',(0.,0.,-1.));
#2803=DIRECTION('center_axis',(0.,-1.,0.));
#2804=DIRECTION('ref_axis',(1.,0.,0.));
#2805=DIRECTION('',(1.,0.,0.));
#2806=DIRECTION('center_axis',(-1.,4.44089209850063E-16,0.));
#2807=DIRECTION('ref_axis',(-4.44089209850063E-16,-1.,0.));
#2808=DIRECTION('',(4.44089209850063E-16,1.,0.));
#2809=DIRECTION('',(0.,0.,1.));
#2810=DIRECTION('',(-4.44089209850063E-16,-1.,0.));
#2811=DIRECTION('',(0.,0.,1.));
#2812=DIRECTION('center_axis',(0.,1.,0.));
#2813=DIRECTION('ref_axis',(-1.,0.,0.));
#2814=DIRECTION('',(1.,0.,0.));
#2815=DIRECTION('',(-1.,0.,0.));
#2816=DIRECTION('',(0.,0.,1.));
#2817=DIRECTION('center_axis',(1.,0.,0.));
#2818=DIRECTION('ref_axis',(0.,1.,0.));
#2819=DIRECTION('',(0.,-1.,0.));
#2820=DIRECTION('',(0.,1.,0.));
#2821=DIRECTION('',(0.,0.,1.));
#2822=DIRECTION('center_axis',(0.,-1.,0.));
#2823=DIRECTION('ref_axis',(1.,0.,0.));
#2824=DIRECTION('',(-1.,0.,0.));
#2825=DIRECTION('',(1.,0.,0.));
#2826=DIRECTION('center_axis',(0.,0.,1.));
#2827=DIRECTION('ref_axis',(1.,0.,0.));
#2828=DIRECTION('center_axis',(1.,0.,0.));
#2829=DIRECTION('ref_axis',(0.,1.,0.));
#2830=DIRECTION('',(0.,0.,1.));
#2831=DIRECTION('',(0.,1.,0.));
#2832=DIRECTION('',(0.,0.,-1.));
#2833=DIRECTION('center_axis',(0.,1.,0.));
#2834=DIRECTION('ref_axis',(-1.,0.,0.));
#2835=DIRECTION('',(-1.,0.,0.));
#2836=DIRECTION('',(0.,0.,-1.));
#2837=DIRECTION('center_axis',(-1.,0.,0.));
#2838=DIRECTION('ref_axis',(0.,-1.,0.));
#2839=DIRECTION('',(0.,-1.,0.));
#2840=DIRECTION('',(0.,0.,-1.));
#2841=DIRECTION('center_axis',(6.29913772836968E-16,-1.,0.));
#2842=DIRECTION('ref_axis',(1.,6.29913772836968E-16,0.));
#2843=DIRECTION('',(1.,6.29913772836968E-16,0.));
#2844=DIRECTION('center_axis',(-1.,-4.44089209850063E-16,0.));
#2845=DIRECTION('ref_axis',(4.44089209850063E-16,-1.,0.));
#2846=DIRECTION('',(-4.44089209850063E-16,1.,0.));
#2847=DIRECTION('',(0.,0.,1.));
#2848=DIRECTION('',(4.44089209850063E-16,-1.,0.));
#2849=DIRECTION('',(0.,0.,1.));
#2850=DIRECTION('center_axis',(0.,1.,0.));
#2851=DIRECTION('ref_axis',(-1.,0.,0.));
#2852=DIRECTION('',(1.,0.,0.));
#2853=DIRECTION('',(-1.,0.,0.));
#2854=DIRECTION('',(0.,0.,1.));
#2855=DIRECTION('center_axis',(1.,0.,0.));
#2856=DIRECTION('ref_axis',(0.,1.,0.));
#2857=DIRECTION('',(0.,-1.,0.));
#2858=DIRECTION('',(0.,1.,0.));
#2859=DIRECTION('',(0.,0.,1.));
#2860=DIRECTION('center_axis',(0.,-1.,0.));
#2861=DIRECTION('ref_axis',(1.,0.,0.));
#2862=DIRECTION('',(-1.,0.,0.));
#2863=DIRECTION('',(1.,0.,0.));
#2864=DIRECTION('center_axis',(0.,0.,1.));
#2865=DIRECTION('ref_axis',(1.,0.,0.));
#2866=DIRECTION('center_axis',(1.,0.,0.));
#2867=DIRECTION('ref_axis',(0.,1.,0.));
#2868=DIRECTION('',(0.,0.,1.));
#2869=DIRECTION('',(0.,1.,0.));
#2870=DIRECTION('',(0.,0.,-1.));
#2871=DIRECTION('center_axis',(0.,1.,0.));
#2872=DIRECTION('ref_axis',(-1.,0.,0.));
#2873=DIRECTION('',(-1.,0.,0.));
#2874=DIRECTION('',(0.,0.,-1.));
#2875=DIRECTION('center_axis',(-1.,0.,0.));
#2876=DIRECTION('ref_axis',(0.,-1.,0.));
#2877=DIRECTION('',(0.,-1.,0.));
#2878=DIRECTION('',(0.,0.,-1.));
#2879=DIRECTION('center_axis',(6.29913772836968E-16,-1.,0.));
#2880=DIRECTION('ref_axis',(1.,6.29913772836968E-16,0.));
#2881=DIRECTION('',(1.,6.29913772836968E-16,0.));
#2882=DIRECTION('center_axis',(-1.,-4.44089209850063E-16,0.));
#2883=DIRECTION('ref_axis',(4.44089209850063E-16,-1.,0.));
#2884=DIRECTION('',(-4.44089209850063E-16,1.,0.));
#2885=DIRECTION('',(0.,0.,1.));
#2886=DIRECTION('',(4.44089209850063E-16,-1.,0.));
#2887=DIRECTION('',(0.,0.,1.));
#2888=DIRECTION('center_axis',(0.,1.,0.));
#2889=DIRECTION('ref_axis',(-1.,0.,0.));
#2890=DIRECTION('',(1.,0.,0.));
#2891=DIRECTION('',(-1.,0.,0.));
#2892=DIRECTION('',(0.,0.,1.));
#2893=DIRECTION('center_axis',(1.,0.,0.));
#2894=DIRECTION('ref_axis',(0.,1.,0.));
#2895=DIRECTION('',(0.,-1.,0.));
#2896=DIRECTION('',(0.,1.,0.));
#2897=DIRECTION('',(0.,0.,1.));
#2898=DIRECTION('center_axis',(0.,-1.,0.));
#2899=DIRECTION('ref_axis',(1.,0.,0.));
#2900=DIRECTION('',(-1.,0.,0.));
#2901=DIRECTION('',(1.,0.,0.));
#2902=DIRECTION('center_axis',(0.,0.,1.));
#2903=DIRECTION('ref_axis',(1.,0.,0.));
#2904=DIRECTION('center_axis',(0.,0.,-1.));
#2905=DIRECTION('ref_axis',(-1.,0.,0.));
#2906=DIRECTION('center_axis',(0.,0.,-1.));
#2907=DIRECTION('ref_axis',(1.,5.55111512312578E-16,0.));
#2908=DIRECTION('',(-1.,2.15751842842136E-16,0.));
#2909=DIRECTION('center_axis',(0.,0.,-1.));
#2910=DIRECTION('ref_axis',(0.,1.,0.));
#2911=DIRECTION('',(0.,-1.,0.));
#2912=DIRECTION('center_axis',(0.,0.,-1.));
#2913=DIRECTION('ref_axis',(-1.,-2.22044604925031E-15,0.));
#2914=DIRECTION('',(1.,0.,0.));
#2915=DIRECTION('center_axis',(0.,0.,-1.));
#2916=DIRECTION('ref_axis',(0.,-1.,0.));
#2917=DIRECTION('',(-2.4168120263949E-16,1.,0.));
#2918=DIRECTION('center_axis',(0.,0.,-1.));
#2919=DIRECTION('ref_axis',(1.,0.,0.));
#2920=DIRECTION('center_axis',(0.,0.,-1.));
#2921=DIRECTION('ref_axis',(1.,0.,0.));
#2922=DIRECTION('',(0.707106781186548,-8.65956056235494E-17,0.707106781186547));
#2923=DIRECTION('center_axis',(0.,0.,1.));
#2924=DIRECTION('ref_axis',(1.,0.,0.));
#2925=DIRECTION('center_axis',(0.,0.,1.));
#2926=DIRECTION('ref_axis',(1.,0.,0.));
#2927=DIRECTION('center_axis',(0.,0.,-1.));
#2928=DIRECTION('ref_axis',(-1.,0.,0.));
#2929=DIRECTION('',(0.,0.,-1.));
#2930=DIRECTION('center_axis',(0.,0.,-1.));
#2931=DIRECTION('ref_axis',(-1.,0.,0.));
#2932=DIRECTION('center_axis',(0.,0.,-1.));
#2933=DIRECTION('ref_axis',(-1.,0.,0.));
#2934=DIRECTION('',(0.707106781186548,8.65956056235494E-17,-0.707106781186547));
#2935=DIRECTION('center_axis',(0.,0.,1.));
#2936=DIRECTION('ref_axis',(-1.,0.,0.));
#2937=DIRECTION('center_axis',(0.,0.,1.));
#2938=DIRECTION('ref_axis',(-1.,0.,0.));
#2939=DIRECTION('center_axis',(0.,0.,1.));
#2940=DIRECTION('ref_axis',(1.,0.,0.));
#2941=DIRECTION('center_axis',(0.,0.,1.));
#2942=DIRECTION('ref_axis',(-1.,0.,0.));
#2943=DIRECTION('center_axis',(0.,0.,1.));
#2944=DIRECTION('ref_axis',(1.,0.,0.));
#2945=DIRECTION('',(0.,0.,-1.));
#2946=DIRECTION('center_axis',(0.,0.,1.));
#2947=DIRECTION('ref_axis',(-1.,0.,0.));
#2948=DIRECTION('',(-0.707106781186548,-8.65956056235494E-17,-0.707106781186547));
#2949=DIRECTION('center_axis',(0.,0.,-1.));
#2950=DIRECTION('ref_axis',(-1.,0.,0.));
#2951=DIRECTION('center_axis',(0.,0.,1.));
#2952=DIRECTION('ref_axis',(-1.,0.,0.));
#2953=DIRECTION('',(0.,0.,-1.));
#2954=DIRECTION('center_axis',(0.,0.,-1.));
#2955=DIRECTION('ref_axis',(-1.,0.,0.));
#2956=DIRECTION('center_axis',(0.,0.,1.));
#2957=DIRECTION('ref_axis',(1.,0.,0.));
#2958=DIRECTION('center_axis',(0.,0.,1.));
#2959=DIRECTION('ref_axis',(-1.,-2.22044604925031E-15,0.));
#2960=DIRECTION('',(0.707106781186548,1.57009245868377E-15,0.707106781186548));
#2961=DIRECTION('center_axis',(0.,0.,1.));
#2962=DIRECTION('ref_axis',(-1.,-2.22044604925031E-15,0.));
#2963=DIRECTION('',(0.,0.707106781186548,0.707106781186548));
#2964=DIRECTION('center_axis',(-0.707106781186548,0.,0.707106781186548));
#2965=DIRECTION('ref_axis',(0.,-1.,0.));
#2966=DIRECTION('',(0.707106781186548,0.,0.707106781186548));
#2967=DIRECTION('',(0.,1.,0.));
#2968=DIRECTION('center_axis',(0.,0.,1.));
#2969=DIRECTION('ref_axis',(0.,1.,0.));
#2970=DIRECTION('',(0.,-0.707106781186548,0.707106781186548));
#2971=DIRECTION('center_axis',(0.,0.,1.));
#2972=DIRECTION('ref_axis',(0.,1.,0.));
#2973=DIRECTION('center_axis',(1.52559591127168E-16,0.707106781186548,0.707106781186548));
#2974=DIRECTION('ref_axis',(-1.,2.15751842842136E-16,0.));
#2975=DIRECTION('',(7.85046229341888E-16,-0.707106781186548,0.707106781186548));
#2976=DIRECTION('',(1.,-2.15751842842136E-16,0.));
#2977=DIRECTION('center_axis',(0.,0.,1.));
#2978=DIRECTION('ref_axis',(1.,5.55111512312578E-16,0.));
#2979=DIRECTION('',(-0.707106781186548,-1.70894417271703E-16,0.707106781186548));
#2980=DIRECTION('center_axis',(0.,0.,1.));
#2981=DIRECTION('ref_axis',(1.,5.55111512312578E-16,0.));
#2982=DIRECTION('center_axis',(0.,-0.707106781186548,0.707106781186548));
#2983=DIRECTION('ref_axis',(1.,0.,0.));
#2984=DIRECTION('',(-1.,0.,0.));
#2985=DIRECTION('',(0.,0.707106781186548,0.707106781186548));
#2986=DIRECTION('center_axis',(0.,0.,1.));
#2987=DIRECTION('ref_axis',(0.,-1.,0.));
#2988=DIRECTION('center_axis',(0.,0.,1.));
#2989=DIRECTION('ref_axis',(0.,-1.,0.));
#2990=DIRECTION('',(-0.707106781186548,-7.85046229341888E-16,0.707106781186548));
#2991=DIRECTION('center_axis',(0.707106781186548,1.70894417271703E-16,0.707106781186548));
#2992=DIRECTION('ref_axis',(-2.4168120263949E-16,1.,0.));
#2993=DIRECTION('',(2.4168120263949E-16,-1.,0.));
#2994=DIRECTION('center_axis',(0.,1.,0.));
#2995=DIRECTION('ref_axis',(-1.,0.,0.));
#2996=DIRECTION('',(1.,0.,0.));
#2997=DIRECTION('',(0.,0.,1.));
#2998=DIRECTION('center_axis',(0.,0.,1.));
#2999=DIRECTION('ref_axis',(1.,-3.33066907387548E-15,0.));
#3000=DIRECTION('center_axis',(0.,0.,-1.));
#3001=DIRECTION('ref_axis',(1.,-3.33066907387548E-15,0.));
#3002=DIRECTION('',(0.,0.,1.));
#3003=DIRECTION('center_axis',(1.,0.,0.));
#3004=DIRECTION('ref_axis',(0.,1.,0.));
#3005=DIRECTION('',(0.,-1.,0.));
#3006=DIRECTION('',(0.,0.,1.));
#3007=DIRECTION('center_axis',(0.,0.,1.));
#3008=DIRECTION('ref_axis',(0.,-1.,0.));
#3009=DIRECTION('center_axis',(0.,0.,-1.));
#3010=DIRECTION('ref_axis',(0.,-1.,0.));
#3011=DIRECTION('center_axis',(0.,0.,1.));
#3012=DIRECTION('ref_axis',(1.,0.,0.));
#3013=CARTESIAN_POINT('',(0.,0.,0.));
#3014=CARTESIAN_POINT('Origin',(-35.9375,-54.4,0.25));
#3015=CARTESIAN_POINT('',(71.875,-54.15,0.));
#3016=CARTESIAN_POINT('',(71.875,-54.65,0.5));
#3017=CARTESIAN_POINT('',(71.875,-54.15,0.));
#3018=CARTESIAN_POINT('',(-71.875,-54.65,0.5));
#3019=CARTESIAN_POINT('',(-35.9375,-54.65,0.5));
#3020=CARTESIAN_POINT('',(-71.875,-54.15,0.));
#3021=CARTESIAN_POINT('',(-71.875,-54.65,0.5));
#3022=CARTESIAN_POINT('',(-35.9375,-54.15,0.));
#3023=CARTESIAN_POINT('Origin',(71.875,-46.85,0.25));
#3024=CARTESIAN_POINT('',(79.175,-46.85,0.));
#3025=CARTESIAN_POINT('',(79.675,-46.85,0.5));
#3026=CARTESIAN_POINT('',(79.175,-46.85,0.));
#3027=CARTESIAN_POINT('Origin',(71.875,-46.85,0.5));
#3028=CARTESIAN_POINT('Origin',(71.875,-46.85,0.));
#3029=CARTESIAN_POINT('Origin',(79.425,-23.425,0.25));
#3030=CARTESIAN_POINT('',(79.175,46.85,0.));
#3031=CARTESIAN_POINT('',(79.675,46.85,0.5));
#3032=CARTESIAN_POINT('',(79.175,46.85,0.));
#3033=CARTESIAN_POINT('',(79.675,-23.425,0.5));
#3034=CARTESIAN_POINT('',(79.175,-23.425,0.));
#3035=CARTESIAN_POINT('Origin',(71.875,46.85,0.25));
#3036=CARTESIAN_POINT('',(71.875,54.15,0.));
#3037=CARTESIAN_POINT('',(71.875,54.65,0.5));
#3038=CARTESIAN_POINT('',(71.875,54.15,0.));
#3039=CARTESIAN_POINT('Origin',(71.875,46.85,0.5));
#3040=CARTESIAN_POINT('Origin',(71.875,46.85,0.));
#3041=CARTESIAN_POINT('Origin',(35.9375,54.4,0.25));
#3042=CARTESIAN_POINT('',(-71.875,54.15,0.));
#3043=CARTESIAN_POINT('',(-71.875,54.65,0.5));
#3044=CARTESIAN_POINT('',(-71.875,54.15,0.));
#3045=CARTESIAN_POINT('',(35.9375,54.65,0.5));
#3046=CARTESIAN_POINT('',(35.9375,54.15,0.));
#3047=CARTESIAN_POINT('Origin',(-71.875,46.85,0.25));
#3048=CARTESIAN_POINT('',(-79.175,46.85,0.));
#3049=CARTESIAN_POINT('',(-79.675,46.85,0.5));
#3050=CARTESIAN_POINT('',(-79.175,46.85,0.));
#3051=CARTESIAN_POINT('Origin',(-71.875,46.85,0.5));
#3052=CARTESIAN_POINT('Origin',(-71.875,46.85,0.));
#3053=CARTESIAN_POINT('Origin',(-79.425,23.425,0.25));
#3054=CARTESIAN_POINT('',(-79.175,-46.85,0.));
#3055=CARTESIAN_POINT('',(-79.675,-46.85,0.5));
#3056=CARTESIAN_POINT('',(-79.175,-46.85,0.));
#3057=CARTESIAN_POINT('',(-79.675,23.425,0.5));
#3058=CARTESIAN_POINT('',(-79.175,23.425,0.));
#3059=CARTESIAN_POINT('Origin',(-71.875,-46.85,0.25));
#3060=CARTESIAN_POINT('Origin',(-71.875,-46.85,0.5));
#3061=CARTESIAN_POINT('Origin',(-71.875,-46.85,0.));
#3062=CARTESIAN_POINT('Origin',(-71.875,46.85,0.));
#3063=CARTESIAN_POINT('',(-79.675,46.85,8.));
#3064=CARTESIAN_POINT('',(-79.675,46.85,0.));
#3065=CARTESIAN_POINT('',(-71.875,54.65,8.));
#3066=CARTESIAN_POINT('Origin',(-71.875,46.85,8.));
#3067=CARTESIAN_POINT('',(-71.875,54.65,0.));
#3068=CARTESIAN_POINT('Origin',(-79.675,46.85,0.));
#3069=CARTESIAN_POINT('',(-79.675,-46.85,8.));
#3070=CARTESIAN_POINT('',(-79.675,-46.85,0.));
#3071=CARTESIAN_POINT('',(-79.675,23.425,8.));
#3072=CARTESIAN_POINT('Origin',(-71.875,-46.85,0.));
#3073=CARTESIAN_POINT('',(-71.875,-54.65,8.));
#3074=CARTESIAN_POINT('',(-71.875,-54.65,0.));
#3075=CARTESIAN_POINT('Origin',(-71.875,-46.85,8.));
#3076=CARTESIAN_POINT('Origin',(-71.875,-54.65,0.));
#3077=CARTESIAN_POINT('',(71.875,-54.65,8.));
#3078=CARTESIAN_POINT('',(71.875,-54.65,0.));
#3079=CARTESIAN_POINT('',(-35.9375,-54.65,8.));
#3080=CARTESIAN_POINT('Origin',(0.,0.,0.));
#3081=CARTESIAN_POINT('',(-13.5,1.65327317884893E-15,0.));
#3082=CARTESIAN_POINT('Origin',(0.,0.,0.));
#3083=CARTESIAN_POINT('Origin',(23.,-23.,1.));
#3084=CARTESIAN_POINT('',(26.525,-26.525,1.));
#3085=CARTESIAN_POINT('',(19.475,-26.525,1.));
#3086=CARTESIAN_POINT('',(19.475,-26.525,1.));
#3087=CARTESIAN_POINT('',(26.525,-19.475,1.));
#3088=CARTESIAN_POINT('',(26.525,-26.525,1.));
#3089=CARTESIAN_POINT('',(19.475,-19.475,1.));
#3090=CARTESIAN_POINT('',(26.525,-19.475,1.));
#3091=CARTESIAN_POINT('',(19.475,-19.475,1.));
#3092=CARTESIAN_POINT('Origin',(-23.,-23.,1.));
#3093=CARTESIAN_POINT('',(-19.475,-26.525,1.));
#3094=CARTESIAN_POINT('',(-26.525,-26.525,1.));
#3095=CARTESIAN_POINT('',(-26.525,-26.525,1.));
#3096=CARTESIAN_POINT('',(-19.475,-19.475,1.));
#3097=CARTESIAN_POINT('',(-19.475,-26.525,1.));
#3098=CARTESIAN_POINT('',(-26.525,-19.475,1.));
#3099=CARTESIAN_POINT('',(-19.475,-19.475,1.));
#3100=CARTESIAN_POINT('',(-26.525,-19.475,1.));
#3101=CARTESIAN_POINT('Origin',(23.,23.,1.));
#3102=CARTESIAN_POINT('',(26.525,19.475,1.));
#3103=CARTESIAN_POINT('',(19.475,19.475,1.));
#3104=CARTESIAN_POINT('',(19.475,19.475,1.));
#3105=CARTESIAN_POINT('',(26.525,26.525,1.));
#3106=CARTESIAN_POINT('',(26.525,19.475,1.));
#3107=CARTESIAN_POINT('',(19.475,26.525,1.));
#3108=CARTESIAN_POINT('',(26.525,26.525,1.));
#3109=CARTESIAN_POINT('',(19.475,26.525,1.));
#3110=CARTESIAN_POINT('Origin',(-23.,23.,1.));
#3111=CARTESIAN_POINT('',(-19.475,19.475,1.));
#3112=CARTESIAN_POINT('',(-26.525,19.475,1.));
#3113=CARTESIAN_POINT('',(-26.525,19.475,1.));
#3114=CARTESIAN_POINT('',(-19.475,26.525,1.));
#3115=CARTESIAN_POINT('',(-19.475,19.475,1.));
#3116=CARTESIAN_POINT('',(-26.525,26.525,1.));
#3117=CARTESIAN_POINT('',(-19.475,26.525,1.));
#3118=CARTESIAN_POINT('',(-26.525,26.525,1.));
#3119=CARTESIAN_POINT('Origin',(0.,0.,2.5));
#3120=CARTESIAN_POINT('',(-56.2909649881586,9.03808739472248,2.5));
#3121=CARTESIAN_POINT('',(-55.9449358206317,9.23379241570082,2.5));
#3122=CARTESIAN_POINT('Ctrl Pts',(-56.2909649881586,9.03808739472248,2.5));
#3123=CARTESIAN_POINT('Ctrl Pts',(-56.2474749834968,9.06834131100898,2.5));
#3124=CARTESIAN_POINT('Ctrl Pts',(-56.1978396520892,9.1004860970634,2.5));
#3125=CARTESIAN_POINT('Ctrl Pts',(-56.142058993936,9.13452175288572,2.5));
#3126=CARTESIAN_POINT('Ctrl Pts',(-56.0862783357827,9.16855740870804,2.5));
#3127=CARTESIAN_POINT('Ctrl Pts',(-56.0205706113479,9.20164762964641,2.5));
#3128=CARTESIAN_POINT('Ctrl Pts',(-55.9449358206317,9.23379241570082,2.5));
#3129=CARTESIAN_POINT('',(-55.4429098972524,9.34440829712337,2.5));
#3130=CARTESIAN_POINT('Ctrl Pts',(-55.9449358206317,9.23379241570082,2.5));
#3131=CARTESIAN_POINT('Ctrl Pts',(-55.8636284206117,9.26593720175524,2.5));
#3132=CARTESIAN_POINT('Ctrl Pts',(-55.7809028682658,9.29240937850593,2.5));
#3133=CARTESIAN_POINT('Ctrl Pts',(-55.6967591635939,9.3132089459529,2.5));
#3134=CARTESIAN_POINT('Ctrl Pts',(-55.6126154589221,9.33400851339988,2.5));
#3135=CARTESIAN_POINT('Ctrl Pts',(-55.5279990368082,9.34440829712337,2.5));
#3136=CARTESIAN_POINT('Ctrl Pts',(-55.4429098972524,9.34440829712337,2.5));
#3137=CARTESIAN_POINT('',(-55.0174641994734,9.23662872035268,2.5));
#3138=CARTESIAN_POINT('Ctrl Pts',(-55.4429098972524,9.34440829712337,2.5));
#3139=CARTESIAN_POINT('Ctrl Pts',(-55.3616024972325,9.34440829712337,2.5));
#3140=CARTESIAN_POINT('Ctrl Pts',(-55.2850222716322,9.33637210060976,2.5));
#3141=CARTESIAN_POINT('Ctrl Pts',(-55.2131692204518,9.32029970758255,2.5));
#3142=CARTESIAN_POINT('Ctrl Pts',(-55.1413161692713,9.30422731455535,2.5));
#3143=CARTESIAN_POINT('Ctrl Pts',(-55.0760811622785,9.27633698547872,2.5));
#3144=CARTESIAN_POINT('Ctrl Pts',(-55.0174641994734,9.23662872035268,2.5));
#3145=CARTESIAN_POINT('',(-54.8331043971025,8.85656389700343,2.5));
#3146=CARTESIAN_POINT('Ctrl Pts',(-55.0174641994734,9.23662872035268,2.5));
#3147=CARTESIAN_POINT('Ctrl Pts',(-54.9843268598455,9.21377538267822,2.5));
#3148=CARTESIAN_POINT('Ctrl Pts',(-54.9553087057529,9.18648260843122,2.5));
#3149=CARTESIAN_POINT('Ctrl Pts',(-54.9109548615067,9.13092770269708,2.5));
#3150=CARTESIAN_POINT('Ctrl Pts',(-54.8850976108644,9.09366749004132,2.5));
#3151=CARTESIAN_POINT('Ctrl Pts',(-54.8420722141788,8.98605937837964,2.5));
#3152=CARTESIAN_POINT('Ctrl Pts',(-54.8331043971025,8.92107742357298,2.5));
#3153=CARTESIAN_POINT('Ctrl Pts',(-54.8331043971025,8.85656389700343,2.5));
#3154=CARTESIAN_POINT('',(-55.5450168647194,8.26944883406839,2.5));
#3155=CARTESIAN_POINT('Ctrl Pts',(-54.8331043971025,8.85656389700343,2.5));
#3156=CARTESIAN_POINT('Ctrl Pts',(-54.8331043971025,8.66558605044485,2.5));
#3157=CARTESIAN_POINT('Ctrl Pts',(-54.8992848389793,8.51998907831603,2.5));
#3158=CARTESIAN_POINT('Ctrl Pts',(-55.0316457227327,8.41977298061698,2.5));
#3159=CARTESIAN_POINT('Ctrl Pts',(-55.1640066064862,8.31955688291792,2.5));
#3160=CARTESIAN_POINT('Ctrl Pts',(-55.3351303204818,8.26944883406839,2.5));
#3161=CARTESIAN_POINT('Ctrl Pts',(-55.5450168647194,8.26944883406839,2.5));
#3162=CARTESIAN_POINT('',(-55.7010136205717,8.26944883406839,2.5));
#3163=CARTESIAN_POINT('',(-27.8505068102859,8.26944883406839,2.5));
#3164=CARTESIAN_POINT('',(-55.7010136205717,7.88087509676356,2.5));
#3165=CARTESIAN_POINT('',(-55.7010136205717,3.94043754838178,2.5));
#3166=CARTESIAN_POINT('',(-55.5024722949415,7.88087509676356,2.5));
#3167=CARTESIAN_POINT('',(-27.7512361474708,7.88087509676356,2.5));
#3168=CARTESIAN_POINT('',(-54.9749196296955,7.75607769208171,2.5));
#3169=CARTESIAN_POINT('Ctrl Pts',(-55.5024722949415,7.88087509676356,2.5));
#3170=CARTESIAN_POINT('Ctrl Pts',(-55.3548558900149,7.88087509676356,2.5));
#3171=CARTESIAN_POINT('Ctrl Pts',(-55.2400895704518,7.86342443522704,2.5));
#3172=CARTESIAN_POINT('Ctrl Pts',(-55.0981456967758,7.8262034533101,2.5));
#3173=CARTESIAN_POINT('Ctrl Pts',(-55.0331683003261,7.79768388538929,2.5));
#3174=CARTESIAN_POINT('Ctrl Pts',(-54.9749196296955,7.75607769208171,2.5));
#3175=CARTESIAN_POINT('',(-54.7650330854579,7.24837915939876,2.5));
#3176=CARTESIAN_POINT('Ctrl Pts',(-54.9749196296955,7.75607769208171,2.5));
#3177=CARTESIAN_POINT('Ctrl Pts',(-54.9087391878188,7.70880594788404,2.5));
#3178=CARTESIAN_POINT('Ctrl Pts',(-54.8572129866433,7.64404365833324,2.5));
#3179=CARTESIAN_POINT('Ctrl Pts',(-54.8203410261692,7.5617908234293,2.5));
#3180=CARTESIAN_POINT('Ctrl Pts',(-54.783469065695,7.47953798852535,2.5));
#3181=CARTESIAN_POINT('Ctrl Pts',(-54.7650330854579,7.37506743384851,2.5));
#3182=CARTESIAN_POINT('Ctrl Pts',(-54.7650330854579,7.24837915939876,2.5));
#3183=CARTESIAN_POINT('',(-54.9579018017844,6.70380866624162,2.5));
#3184=CARTESIAN_POINT('Ctrl Pts',(-54.7650330854579,7.24837915939876,2.5));
#3185=CARTESIAN_POINT('Ctrl Pts',(-54.7650330854579,7.13680215604787,2.5));
#3186=CARTESIAN_POINT('Ctrl Pts',(-54.777804888617,7.02623478549562,2.5));
#3187=CARTESIAN_POINT('Ctrl Pts',(-54.8303939163137,6.89401094442957,2.5));
#3188=CARTESIAN_POINT('Ctrl Pts',(-54.8678055611266,6.8048256633427,2.49999999999999));
#3189=CARTESIAN_POINT('Ctrl Pts',(-54.9579018017844,6.70380866624162,2.49999999999999));
#3190=CARTESIAN_POINT('',(-55.4882907716822,6.50810364526327,2.5));
#3191=CARTESIAN_POINT('Ctrl Pts',(-54.9579018017844,6.70380866624162,2.5));
#3192=CARTESIAN_POINT('Ctrl Pts',(-55.0221913738932,6.63384648482907,2.5));
#3193=CARTESIAN_POINT('Ctrl Pts',(-55.1025533390292,6.58373843597954,2.5));
#3194=CARTESIAN_POINT('Ctrl Pts',(-55.1989876971925,6.55348451969303,2.5));
#3195=CARTESIAN_POINT('Ctrl Pts',(-55.2954220553557,6.52323060340653,2.5));
#3196=CARTESIAN_POINT('Ctrl Pts',(-55.391856413519,6.50810364526327,2.5));
#3197=CARTESIAN_POINT('Ctrl Pts',(-55.4882907716822,6.50810364526327,2.5));
#3198=CARTESIAN_POINT('',(-56.3817267370181,6.81442454766416,2.5));
#3199=CARTESIAN_POINT('Ctrl Pts',(-55.4882907716822,6.50810364526327,2.5));
#3200=CARTESIAN_POINT('Ctrl Pts',(-55.6527964414901,6.50810364526327,2.5));
#3201=CARTESIAN_POINT('Ctrl Pts',(-55.8182475461819,6.54119386620164,2.5));
#3202=CARTESIAN_POINT('Ctrl Pts',(-55.9846440857577,6.60737430807838,2.5));
#3203=CARTESIAN_POINT('Ctrl Pts',(-56.1510406253335,6.67355474995511,2.5));
#3204=CARTESIAN_POINT('Ctrl Pts',(-56.283401509087,6.74257149648371,2.5));
#3205=CARTESIAN_POINT('Ctrl Pts',(-56.3817267370181,6.81442454766416,2.5));
#3206=CARTESIAN_POINT('',(-56.4157623928405,6.81442454766416,2.5));
#3207=CARTESIAN_POINT('',(-28.2078811964202,6.81442454766416,2.5));
#3208=CARTESIAN_POINT('',(-56.4157623928405,6.31807123358865,2.5));
#3209=CARTESIAN_POINT('',(-56.4157623928405,3.15903561679432,2.5));
#3210=CARTESIAN_POINT('',(-55.4599277251636,6.10251208004728,2.5));
#3211=CARTESIAN_POINT('Ctrl Pts',(-56.4157623928405,6.31807123358865,2.5));
#3212=CARTESIAN_POINT('Ctrl Pts',(-56.2985284672302,6.25945427078354,2.5));
#3213=CARTESIAN_POINT('Ctrl Pts',(-56.1538769299854,6.20887350449203,2.5));
#3214=CARTESIAN_POINT('Ctrl Pts',(-55.9818077811059,6.16632893471413,2.5));
#3215=CARTESIAN_POINT('Ctrl Pts',(-55.8097386322264,6.12378436493623,2.5));
#3216=CARTESIAN_POINT('Ctrl Pts',(-55.6357786135789,6.10251208004728,2.5));
#3217=CARTESIAN_POINT('Ctrl Pts',(-55.4599277251636,6.10251208004728,2.5));
#3218=CARTESIAN_POINT('',(-54.5976911109981,6.42585081035933,2.5));
#3219=CARTESIAN_POINT('Ctrl Pts',(-55.4599277251636,6.10251208004728,2.5));
#3220=CARTESIAN_POINT('Ctrl Pts',(-55.2765133576767,6.10251208004728,2.5));
#3221=CARTESIAN_POINT('Ctrl Pts',(-55.1124804053107,6.12992969168193,2.5));
#3222=CARTESIAN_POINT('Ctrl Pts',(-54.9678288680659,6.18476491495122,2.5));
#3223=CARTESIAN_POINT('Ctrl Pts',(-54.823177330821,6.23960013822052,2.5));
#3224=CARTESIAN_POINT('Ctrl Pts',(-54.6997980784651,6.31996210335655,2.5));
#3225=CARTESIAN_POINT('Ctrl Pts',(-54.5976911109981,6.42585081035933,2.5));
#3226=CARTESIAN_POINT('',(-54.2885339039454,7.21434350357644,2.5));
#3227=CARTESIAN_POINT('Ctrl Pts',(-54.5976911109981,6.42585081035933,2.5));
#3228=CARTESIAN_POINT('Ctrl Pts',(-54.499365883067,6.52795777782629,2.5));
#3229=CARTESIAN_POINT('Ctrl Pts',(-54.4232583749087,6.64566442087849,2.5));
#3230=CARTESIAN_POINT('Ctrl Pts',(-54.3693685865234,6.77897073951591,2.5));
#3231=CARTESIAN_POINT('Ctrl Pts',(-54.3154787981381,6.91227705815334,2.5));
#3232=CARTESIAN_POINT('Ctrl Pts',(-54.2885339039454,7.05740131284018,2.5));
#3233=CARTESIAN_POINT('Ctrl Pts',(-54.2885339039454,7.21434350357644,2.5));
#3234=CARTESIAN_POINT('',(-54.5324561040054,7.86102096420054,2.5));
#3235=CARTESIAN_POINT('Ctrl Pts',(-54.2885339039454,7.21434350357644,2.5));
#3236=CARTESIAN_POINT('Ctrl Pts',(-54.2885339039454,7.36750395477688,2.5));
#3237=CARTESIAN_POINT('Ctrl Pts',(-54.3112243411603,7.49702853387849,2.5));
#3238=CARTESIAN_POINT('Ctrl Pts',(-54.35660521559,7.60291724088127,2.5));
#3239=CARTESIAN_POINT('Ctrl Pts',(-54.4019860900198,7.70880594788404,2.5));
#3240=CARTESIAN_POINT('Ctrl Pts',(-54.4606030528249,7.7948405223238,2.5));
#3241=CARTESIAN_POINT('Ctrl Pts',(-54.5324561040054,7.86102096420054,2.5));
#3242=CARTESIAN_POINT('',(-55.0032826762141,8.08792533634934,2.5));
#3243=CARTESIAN_POINT('Ctrl Pts',(-54.5324561040054,7.86102096420054,2.5));
#3244=CARTESIAN_POINT('Ctrl Pts',(-54.6043091551858,7.92909227584518,2.5));
#3245=CARTESIAN_POINT('Ctrl Pts',(-54.682307533112,7.98014575957866,2.5));
#3246=CARTESIAN_POINT('Ctrl Pts',(-54.7664512377838,8.01418141540098,2.5));
#3247=CARTESIAN_POINT('Ctrl Pts',(-54.8505949424557,8.0482170712233,2.5));
#3248=CARTESIAN_POINT('Ctrl Pts',(-54.9295387552658,8.07279837820609,2.5));
#3249=CARTESIAN_POINT('Ctrl Pts',(-55.0032826762141,8.08792533634934,2.5));
#3250=CARTESIAN_POINT('',(-55.0032826762141,8.12196099217167,2.5));
#3251=CARTESIAN_POINT('',(-55.0032826762141,4.06098049608583,2.5));
#3252=CARTESIAN_POINT('',(-54.35660521559,8.90478107608505,2.5));
#3253=CARTESIAN_POINT('Ctrl Pts',(-55.0032826762141,8.12196099217167,2.5));
#3254=CARTESIAN_POINT('Ctrl Pts',(-54.8255409180309,8.1597783875298,2.5));
#3255=CARTESIAN_POINT('Ctrl Pts',(-54.6733259017144,8.25148557127328,2.5));
#3256=CARTESIAN_POINT('Ctrl Pts',(-54.5466376272647,8.39708254340209,2.5));
#3257=CARTESIAN_POINT('Ctrl Pts',(-54.4199493528149,8.54267951553091,2.5));
#3258=CARTESIAN_POINT('Ctrl Pts',(-54.35660521559,8.71191235975856,2.5));
#3259=CARTESIAN_POINT('Ctrl Pts',(-54.35660521559,8.90478107608505,2.5));
#3260=CARTESIAN_POINT('',(-54.6685987272946,9.55145853670915,2.5));
#3261=CARTESIAN_POINT('Ctrl Pts',(-54.35660521559,8.90478107608505,2.5));
#3262=CARTESIAN_POINT('Ctrl Pts',(-54.35660521559,9.04848717844596,2.5));
#3263=CARTESIAN_POINT('Ctrl Pts',(-54.3830773923407,9.17375730056978,2.5));
#3264=CARTESIAN_POINT('Ctrl Pts',(-54.4360217458421,9.28059144245651,2.5));
#3265=CARTESIAN_POINT('Ctrl Pts',(-54.4889660993435,9.38742558434324,2.5));
#3266=CARTESIAN_POINT('Ctrl Pts',(-54.5664917598277,9.47771461576079,2.5));
#3267=CARTESIAN_POINT('Ctrl Pts',(-54.6685987272946,9.55145853670915,2.5));
#3268=CARTESIAN_POINT('',(-55.4060379367783,9.74999986233936,2.5));
#3269=CARTESIAN_POINT('Ctrl Pts',(-54.6685987272946,9.55145853670915,2.5));
#3270=CARTESIAN_POINT('Ctrl Pts',(-54.7650330854579,9.61952984835379,2.5));
#3271=CARTESIAN_POINT('Ctrl Pts',(-54.8723399447866,9.66963789720332,2.5));
#3272=CARTESIAN_POINT('Ctrl Pts',(-54.9905193052808,9.70178268325774,2.5));
#3273=CARTESIAN_POINT('Ctrl Pts',(-55.1086986657749,9.73392746931215,2.5));
#3274=CARTESIAN_POINT('Ctrl Pts',(-55.2472048762741,9.74999986233936,2.5));
#3275=CARTESIAN_POINT('Ctrl Pts',(-55.4060379367783,9.74999986233936,2.5));
#3276=CARTESIAN_POINT('',(-56.3193280346772,9.53444070879799,2.5));
#3277=CARTESIAN_POINT('Ctrl Pts',(-55.4060379367783,9.74999986233936,2.5));
#3278=CARTESIAN_POINT('Ctrl Pts',(-55.5629801275145,9.74999986233936,2.5));
#3279=CARTESIAN_POINT('Ctrl Pts',(-55.7289039496483,9.72778214256646,2.5));
#3280=CARTESIAN_POINT('Ctrl Pts',(-55.9038094031797,9.68334670302065,2.5));
#3281=CARTESIAN_POINT('Ctrl Pts',(-56.0787148567111,9.63891126347484,2.5));
#3282=CARTESIAN_POINT('Ctrl Pts',(-56.2172210672102,9.58927593206729,2.5));
#3283=CARTESIAN_POINT('Ctrl Pts',(-56.3193280346772,9.53444070879799,2.5));
#3284=CARTESIAN_POINT('',(-56.3193280346772,9.03808739472248,2.5));
#3285=CARTESIAN_POINT('',(-56.3193280346772,4.51904369736124,2.5));
#3286=CARTESIAN_POINT('',(-28.1454824940793,9.03808739472248,2.5));
#3287=CARTESIAN_POINT('Origin',(-56.4157623928405,6.81442454766416,-191.919653861752));
#3288=CARTESIAN_POINT('',(-56.3817267370181,6.81442454766416,1.49999999999999));
#3289=CARTESIAN_POINT('',(-56.3817267370181,6.81442454766416,-191.919653861752));
#3290=CARTESIAN_POINT('',(-56.4157623928405,6.81442454766416,1.49999999999999));
#3291=CARTESIAN_POINT('',(-28.2078811964202,6.81442454766416,1.5));
#3292=CARTESIAN_POINT('',(-56.4157623928405,6.81442454766416,-191.919653861752));
#3293=CARTESIAN_POINT('Ctrl Pts',(-55.4882907716822,6.50810364526327,-191.919653861752));
#3294=CARTESIAN_POINT('Ctrl Pts',(-55.4882907716822,6.50810364526327,194.919653861752));
#3295=CARTESIAN_POINT('Ctrl Pts',(-55.735049276394,6.50810364526327,-191.919653861752));
#3296=CARTESIAN_POINT('Ctrl Pts',(-55.735049276394,6.50810364526327,194.919653861752));
#3297=CARTESIAN_POINT('Ctrl Pts',(-56.2342388951214,6.70664497089348,-191.919653861752));
#3298=CARTESIAN_POINT('Ctrl Pts',(-56.2342388951214,6.70664497089348,194.919653861752));
#3299=CARTESIAN_POINT('Ctrl Pts',(-56.3817267370181,6.81442454766416,-191.919653861752));
#3300=CARTESIAN_POINT('Ctrl Pts',(-56.3817267370181,6.81442454766416,194.919653861752));
#3301=CARTESIAN_POINT('',(-55.4882907716822,6.50810364526327,1.49999999999999));
#3302=CARTESIAN_POINT('',(-55.4882907716822,6.50810364526327,-191.919653861752));
#3303=CARTESIAN_POINT('Ctrl Pts',(-56.3817267370181,6.81442454766416,1.49999999999999));
#3304=CARTESIAN_POINT('Ctrl Pts',(-56.2342388951214,6.70664497089348,1.49999999999999));
#3305=CARTESIAN_POINT('Ctrl Pts',(-55.735049276394,6.50810364526327,1.49999999999999));
#3306=CARTESIAN_POINT('Ctrl Pts',(-55.4882907716822,6.50810364526327,1.49999999999999));
#3307=CARTESIAN_POINT('Ctrl Pts',(-54.9579018017844,6.70380866624162,-191.919653861752));
#3308=CARTESIAN_POINT('Ctrl Pts',(-54.9579018017844,6.70380866624162,194.919653861752));
#3309=CARTESIAN_POINT('Ctrl Pts',(-55.0543361599476,6.59886539412279,-191.919653861752));
#3310=CARTESIAN_POINT('Ctrl Pts',(-55.0543361599476,6.59886539412279,194.919653861752));
#3311=CARTESIAN_POINT('Ctrl Pts',(-55.3436392344373,6.50810364526327,-191.919653861752));
#3312=CARTESIAN_POINT('Ctrl Pts',(-55.3436392344373,6.50810364526327,194.919653861752));
#3313=CARTESIAN_POINT('Ctrl Pts',(-55.4882907716822,6.50810364526327,-191.919653861752));
#3314=CARTESIAN_POINT('Ctrl Pts',(-55.4882907716822,6.50810364526327,194.919653861752));
#3315=CARTESIAN_POINT('',(-54.9579018017844,6.70380866624162,1.49999999999999));
#3316=CARTESIAN_POINT('',(-54.9579018017844,6.70380866624162,-191.919653861752));
#3317=CARTESIAN_POINT('Ctrl Pts',(-55.4882907716822,6.50810364526327,1.49999999999995));
#3318=CARTESIAN_POINT('Ctrl Pts',(-55.3436392344373,6.50810364526327,1.49999999999995));
#3319=CARTESIAN_POINT('Ctrl Pts',(-55.0543361599476,6.59886539412279,1.49999999999995));
#3320=CARTESIAN_POINT('Ctrl Pts',(-54.9579018017844,6.70380866624162,1.49999999999995));
#3321=CARTESIAN_POINT('Ctrl Pts',(-54.7650330854579,7.24837915939876,-191.919653861752));
#3322=CARTESIAN_POINT('Ctrl Pts',(-54.7650330854579,7.24837915939876,194.919653861752));
#3323=CARTESIAN_POINT('Ctrl Pts',(-54.7650330854579,7.05834674772413,-191.919653861752));
#3324=CARTESIAN_POINT('Ctrl Pts',(-54.7650330854579,7.05834674772413,194.919653861752));
#3325=CARTESIAN_POINT('Ctrl Pts',(-54.864303748273,6.80875193836044,-191.919653861752));
#3326=CARTESIAN_POINT('Ctrl Pts',(-54.864303748273,6.80875193836044,194.919653861752));
#3327=CARTESIAN_POINT('Ctrl Pts',(-54.9579018017844,6.70380866624162,-191.919653861752));
#3328=CARTESIAN_POINT('Ctrl Pts',(-54.9579018017844,6.70380866624162,194.919653861752));
#3329=CARTESIAN_POINT('',(-54.7650330854579,7.24837915939876,1.49999999999999));
#3330=CARTESIAN_POINT('',(-54.7650330854579,7.24837915939876,-191.919653861752));
#3331=CARTESIAN_POINT('Ctrl Pts',(-54.9579018017844,6.70380866624162,1.49999999999999));
#3332=CARTESIAN_POINT('Ctrl Pts',(-54.864303748273,6.80875193836044,1.49999999999999));
#3333=CARTESIAN_POINT('Ctrl Pts',(-54.7650330854579,7.05834674772413,1.49999999999999));
#3334=CARTESIAN_POINT('Ctrl Pts',(-54.7650330854579,7.24837915939876,1.49999999999999));
#3335=CARTESIAN_POINT('Ctrl Pts',(-54.9749196296955,7.75607769208171,-191.919653861752));
#3336=CARTESIAN_POINT('Ctrl Pts',(-54.9749196296955,7.75607769208171,194.919653861752));
#3337=CARTESIAN_POINT('Ctrl Pts',(-54.8756489668804,7.68517007578521,-191.919653861752));
#3338=CARTESIAN_POINT('Ctrl Pts',(-54.8756489668804,7.68517007578521,194.919653861752));
#3339=CARTESIAN_POINT('Ctrl Pts',(-54.7650330854579,7.43841157107338,-191.919653861752));
#3340=CARTESIAN_POINT('Ctrl Pts',(-54.7650330854579,7.43841157107338,194.919653861752));
#3341=CARTESIAN_POINT('Ctrl Pts',(-54.7650330854579,7.24837915939876,-191.919653861752));
#3342=CARTESIAN_POINT('Ctrl Pts',(-54.7650330854579,7.24837915939876,194.919653861752));
#3343=CARTESIAN_POINT('',(-54.9749196296955,7.75607769208171,1.49999999999999));
#3344=CARTESIAN_POINT('',(-54.9749196296955,7.75607769208171,-191.919653861752));
#3345=CARTESIAN_POINT('Ctrl Pts',(-54.7650330854579,7.24837915939876,1.49999999999995));
#3346=CARTESIAN_POINT('Ctrl Pts',(-54.7650330854579,7.43841157107338,1.49999999999995));
#3347=CARTESIAN_POINT('Ctrl Pts',(-54.8756489668804,7.68517007578521,1.49999999999995));
#3348=CARTESIAN_POINT('Ctrl Pts',(-54.9749196296955,7.75607769208171,1.49999999999995));
#3349=CARTESIAN_POINT('Ctrl Pts',(-55.5024722949415,7.88087509676356,-191.919653861752));
#3350=CARTESIAN_POINT('Ctrl Pts',(-55.5024722949415,7.88087509676356,194.919653861752));
#3351=CARTESIAN_POINT('Ctrl Pts',(-55.3436392344373,7.88087509676356,-191.919653861752));
#3352=CARTESIAN_POINT('Ctrl Pts',(-55.3436392344373,7.88087509676356,194.919653861752));
#3353=CARTESIAN_POINT('Ctrl Pts',(-55.0741902925106,7.82698530837822,-191.919653861752));
#3354=CARTESIAN_POINT('Ctrl Pts',(-55.0741902925106,7.82698530837822,194.919653861752));
#3355=CARTESIAN_POINT('Ctrl Pts',(-54.9749196296955,7.75607769208171,-191.919653861752));
#3356=CARTESIAN_POINT('Ctrl Pts',(-54.9749196296955,7.75607769208171,194.919653861752));
#3357=CARTESIAN_POINT('',(-55.5024722949415,7.88087509676356,1.49999999999999));
#3358=CARTESIAN_POINT('',(-55.5024722949415,7.88087509676356,-191.919653861752));
#3359=CARTESIAN_POINT('Ctrl Pts',(-54.9749196296955,7.75607769208171,1.49999999999999));
#3360=CARTESIAN_POINT('Ctrl Pts',(-55.0741902925106,7.82698530837822,1.49999999999999));
#3361=CARTESIAN_POINT('Ctrl Pts',(-55.3436392344373,7.88087509676356,1.49999999999999));
#3362=CARTESIAN_POINT('Ctrl Pts',(-55.5024722949415,7.88087509676356,1.49999999999999));
#3363=CARTESIAN_POINT('Origin',(-55.5024722949415,7.88087509676356,-191.919653861752));
#3364=CARTESIAN_POINT('',(-55.7010136205717,7.88087509676356,1.49999999999999));
#3365=CARTESIAN_POINT('',(-55.7010136205717,7.88087509676356,-191.919653861752));
#3366=CARTESIAN_POINT('',(-27.7512361474708,7.88087509676356,1.5));
#3367=CARTESIAN_POINT('Origin',(-55.7010136205717,7.88087509676356,-191.919653861752));
#3368=CARTESIAN_POINT('',(-55.7010136205717,8.26944883406839,1.49999999999999));
#3369=CARTESIAN_POINT('',(-55.7010136205717,8.26944883406839,-191.919653861752));
#3370=CARTESIAN_POINT('',(-55.7010136205717,3.94043754838178,1.5));
#3371=CARTESIAN_POINT('Origin',(-55.7010136205717,8.26944883406839,-191.919653861752));
#3372=CARTESIAN_POINT('',(-55.5450168647194,8.26944883406839,1.49999999999999));
#3373=CARTESIAN_POINT('',(-55.5450168647194,8.26944883406839,-191.919653861752));
#3374=CARTESIAN_POINT('',(-27.8505068102859,8.26944883406839,1.5));
#3375=CARTESIAN_POINT('Ctrl Pts',(-54.8331043971025,8.85656389700343,-191.919653861752));
#3376=CARTESIAN_POINT('Ctrl Pts',(-54.8331043971025,8.85656389700343,194.919653861752));
#3377=CARTESIAN_POINT('Ctrl Pts',(-54.8331043971025,8.57009712716556,-191.919653861752));
#3378=CARTESIAN_POINT('Ctrl Pts',(-54.8331043971025,8.57009712716556,194.919653861752));
#3379=CARTESIAN_POINT('Ctrl Pts',(-55.2301870483629,8.26944883406839,-191.919653861752));
#3380=CARTESIAN_POINT('Ctrl Pts',(-55.2301870483629,8.26944883406839,194.919653861752));
#3381=CARTESIAN_POINT('Ctrl Pts',(-55.5450168647194,8.26944883406839,-191.919653861752));
#3382=CARTESIAN_POINT('Ctrl Pts',(-55.5450168647194,8.26944883406839,194.919653861752));
#3383=CARTESIAN_POINT('',(-54.8331043971025,8.85656389700343,1.49999999999999));
#3384=CARTESIAN_POINT('',(-54.8331043971025,8.85656389700343,-191.919653861752));
#3385=CARTESIAN_POINT('Ctrl Pts',(-55.5450168647194,8.26944883406839,1.49999999999999));
#3386=CARTESIAN_POINT('Ctrl Pts',(-55.2301870483629,8.26944883406839,1.49999999999999));
#3387=CARTESIAN_POINT('Ctrl Pts',(-54.8331043971025,8.57009712716556,1.49999999999999));
#3388=CARTESIAN_POINT('Ctrl Pts',(-54.8331043971025,8.85656389700343,1.49999999999999));
#3389=CARTESIAN_POINT('Ctrl Pts',(-55.0174641994734,9.23662872035268,-191.919653861752));
#3390=CARTESIAN_POINT('Ctrl Pts',(-55.0174641994734,9.23662872035268,194.919653861752));
#3391=CARTESIAN_POINT('Ctrl Pts',(-54.9352113645695,9.17990262731548,-191.919653861752));
#3392=CARTESIAN_POINT('Ctrl Pts',(-54.9352113645695,9.17990262731548,194.919653861752));
#3393=CARTESIAN_POINT('Ctrl Pts',(-54.8331043971025,8.98987021564085,-191.919653861752));
#3394=CARTESIAN_POINT('Ctrl Pts',(-54.8331043971025,8.98987021564085,194.919653861752));
#3395=CARTESIAN_POINT('Ctrl Pts',(-54.8331043971025,8.85656389700343,-191.919653861752));
#3396=CARTESIAN_POINT('Ctrl Pts',(-54.8331043971025,8.85656389700343,194.919653861752));
#3397=CARTESIAN_POINT('',(-55.0174641994734,9.23662872035268,1.49999999999999));
#3398=CARTESIAN_POINT('',(-55.0174641994734,9.23662872035268,-191.919653861752));
#3399=CARTESIAN_POINT('Ctrl Pts',(-54.8331043971025,8.85656389700343,1.49999999999999));
#3400=CARTESIAN_POINT('Ctrl Pts',(-54.8331043971025,8.98987021564085,1.49999999999999));
#3401=CARTESIAN_POINT('Ctrl Pts',(-54.9352113645695,9.17990262731548,1.49999999999999));
#3402=CARTESIAN_POINT('Ctrl Pts',(-55.0174641994734,9.23662872035268,1.49999999999999));
#3403=CARTESIAN_POINT('Ctrl Pts',(-55.4429098972524,9.34440829712337,-191.919653861752));
#3404=CARTESIAN_POINT('Ctrl Pts',(-55.4429098972524,9.34440829712337,194.919653861752));
#3405=CARTESIAN_POINT('Ctrl Pts',(-55.3209487972225,9.34440829712337,-191.919653861752));
#3406=CARTESIAN_POINT('Ctrl Pts',(-55.3209487972225,9.34440829712337,194.919653861752));
#3407=CARTESIAN_POINT('Ctrl Pts',(-55.1053896436811,9.29619111804174,-191.919653861752));
#3408=CARTESIAN_POINT('Ctrl Pts',(-55.1053896436811,9.29619111804174,194.919653861752));
#3409=CARTESIAN_POINT('Ctrl Pts',(-55.0174641994734,9.23662872035268,-191.919653861752));
#3410=CARTESIAN_POINT('Ctrl Pts',(-55.0174641994734,9.23662872035268,194.919653861752));
#3411=CARTESIAN_POINT('',(-55.4429098972524,9.34440829712337,1.49999999999999));
#3412=CARTESIAN_POINT('',(-55.4429098972524,9.34440829712337,-191.919653861752));
#3413=CARTESIAN_POINT('Ctrl Pts',(-55.0174641994734,9.23662872035268,1.49999999999999));
#3414=CARTESIAN_POINT('Ctrl Pts',(-55.1053896436811,9.29619111804174,1.49999999999999));
#3415=CARTESIAN_POINT('Ctrl Pts',(-55.3209487972225,9.34440829712337,1.49999999999999));
#3416=CARTESIAN_POINT('Ctrl Pts',(-55.4429098972524,9.34440829712337,1.49999999999999));
#3417=CARTESIAN_POINT('Ctrl Pts',(-55.9449358206317,9.23379241570082,-191.919653861752));
#3418=CARTESIAN_POINT('Ctrl Pts',(-55.9449358206317,9.23379241570082,194.919653861752));
#3419=CARTESIAN_POINT('Ctrl Pts',(-55.8229747206017,9.28200959478244,-191.919653861752));
#3420=CARTESIAN_POINT('Ctrl Pts',(-55.8229747206017,9.28200959478244,194.919653861752));
#3421=CARTESIAN_POINT('Ctrl Pts',(-55.5705436065861,9.34440829712337,-191.919653861752));
#3422=CARTESIAN_POINT('Ctrl Pts',(-55.5705436065861,9.34440829712337,194.919653861752));
#3423=CARTESIAN_POINT('Ctrl Pts',(-55.4429098972524,9.34440829712337,-191.919653861752));
#3424=CARTESIAN_POINT('Ctrl Pts',(-55.4429098972524,9.34440829712337,194.919653861752));
#3425=CARTESIAN_POINT('',(-55.9449358206317,9.23379241570082,1.49999999999999));
#3426=CARTESIAN_POINT('',(-55.9449358206317,9.23379241570082,-191.919653861752));
#3427=CARTESIAN_POINT('Ctrl Pts',(-55.4429098972524,9.34440829712337,1.49999999999999));
#3428=CARTESIAN_POINT('Ctrl Pts',(-55.5705436065861,9.34440829712337,1.49999999999999));
#3429=CARTESIAN_POINT('Ctrl Pts',(-55.8229747206017,9.28200959478244,1.49999999999999));
#3430=CARTESIAN_POINT('Ctrl Pts',(-55.9449358206317,9.23379241570082,1.49999999999999));
#3431=CARTESIAN_POINT('Ctrl Pts',(-56.2909649881586,9.03808739472248,-191.919653861752));
#3432=CARTESIAN_POINT('Ctrl Pts',(-56.2909649881586,9.03808739472248,194.919653861752));
#3433=CARTESIAN_POINT('Ctrl Pts',(-56.2257299811658,9.08346826915224,-191.919653861752));
#3434=CARTESIAN_POINT('Ctrl Pts',(-56.2257299811658,9.08346826915224,194.919653861752));
#3435=CARTESIAN_POINT('Ctrl Pts',(-56.0583880067061,9.1855752366192,-191.919653861752));
#3436=CARTESIAN_POINT('Ctrl Pts',(-56.0583880067061,9.1855752366192,194.919653861752));
#3437=CARTESIAN_POINT('Ctrl Pts',(-55.9449358206317,9.23379241570082,-191.919653861752));
#3438=CARTESIAN_POINT('Ctrl Pts',(-55.9449358206317,9.23379241570082,194.919653861752));
#3439=CARTESIAN_POINT('',(-56.2909649881586,9.03808739472248,1.49999999999999));
#3440=CARTESIAN_POINT('',(-56.2909649881586,9.03808739472248,-191.919653861752));
#3441=CARTESIAN_POINT('Ctrl Pts',(-55.9449358206317,9.23379241570082,1.49999999999999));
#3442=CARTESIAN_POINT('Ctrl Pts',(-56.0583880067061,9.1855752366192,1.49999999999999));
#3443=CARTESIAN_POINT('Ctrl Pts',(-56.2257299811658,9.08346826915224,1.49999999999999));
#3444=CARTESIAN_POINT('Ctrl Pts',(-56.2909649881586,9.03808739472248,1.49999999999999));
#3445=CARTESIAN_POINT('Origin',(-56.2909649881586,9.03808739472248,-191.919653861752));
#3446=CARTESIAN_POINT('',(-56.3193280346772,9.03808739472248,1.49999999999999));
#3447=CARTESIAN_POINT('',(-56.3193280346772,9.03808739472248,-191.919653861752));
#3448=CARTESIAN_POINT('',(-28.1454824940793,9.03808739472248,1.5));
#3449=CARTESIAN_POINT('Origin',(-56.3193280346772,9.03808739472248,-191.919653861752));
#3450=CARTESIAN_POINT('',(-56.3193280346772,9.53444070879799,1.49999999999999));
#3451=CARTESIAN_POINT('',(-56.3193280346772,9.53444070879799,-191.919653861752));
#3452=CARTESIAN_POINT('',(-56.3193280346772,4.51904369736124,1.5));
#3453=CARTESIAN_POINT('Ctrl Pts',(-55.4060379367783,9.74999986233936,-191.919653861752));
#3454=CARTESIAN_POINT('Ctrl Pts',(-55.4060379367783,9.74999986233936,194.919653861752));
#3455=CARTESIAN_POINT('Ctrl Pts',(-55.6414512228827,9.74999986233936,-191.919653861752));
#3456=CARTESIAN_POINT('Ctrl Pts',(-55.6414512228827,9.74999986233936,194.919653861752));
#3457=CARTESIAN_POINT('Ctrl Pts',(-56.1661675834768,9.61669354370193,-191.919653861752));
#3458=CARTESIAN_POINT('Ctrl Pts',(-56.1661675834768,9.61669354370193,194.919653861752));
#3459=CARTESIAN_POINT('Ctrl Pts',(-56.3193280346772,9.53444070879799,-191.919653861752));
#3460=CARTESIAN_POINT('Ctrl Pts',(-56.3193280346772,9.53444070879799,194.919653861752));
#3461=CARTESIAN_POINT('',(-55.4060379367783,9.74999986233936,1.49999999999999));
#3462=CARTESIAN_POINT('',(-55.4060379367783,9.74999986233936,-191.919653861752));
#3463=CARTESIAN_POINT('Ctrl Pts',(-56.3193280346772,9.53444070879799,1.49999999999999));
#3464=CARTESIAN_POINT('Ctrl Pts',(-56.1661675834768,9.61669354370193,1.49999999999999));
#3465=CARTESIAN_POINT('Ctrl Pts',(-55.6414512228827,9.74999986233936,1.49999999999999));
#3466=CARTESIAN_POINT('Ctrl Pts',(-55.4060379367783,9.74999986233936,1.49999999999999));
#3467=CARTESIAN_POINT('Ctrl Pts',(-54.6685987272946,9.55145853670915,-191.919653861752));
#3468=CARTESIAN_POINT('Ctrl Pts',(-54.6685987272946,9.55145853670915,194.919653861752));
#3469=CARTESIAN_POINT('Ctrl Pts',(-54.8132502645395,9.65356550417612,-191.919653861752));
#3470=CARTESIAN_POINT('Ctrl Pts',(-54.8132502645395,9.65356550417612,194.919653861752));
#3471=CARTESIAN_POINT('Ctrl Pts',(-55.167788346022,9.74999986233936,-191.919653861752));
#3472=CARTESIAN_POINT('Ctrl Pts',(-55.167788346022,9.74999986233936,194.919653861752));
#3473=CARTESIAN_POINT('Ctrl Pts',(-55.4060379367783,9.74999986233936,-191.919653861752));
#3474=CARTESIAN_POINT('Ctrl Pts',(-55.4060379367783,9.74999986233936,194.919653861752));
#3475=CARTESIAN_POINT('',(-54.6685987272946,9.55145853670915,1.49999999999999));
#3476=CARTESIAN_POINT('',(-54.6685987272946,9.55145853670915,-191.919653861752));
#3477=CARTESIAN_POINT('Ctrl Pts',(-55.4060379367783,9.74999986233936,1.49999999999999));
#3478=CARTESIAN_POINT('Ctrl Pts',(-55.167788346022,9.74999986233936,1.49999999999999));
#3479=CARTESIAN_POINT('Ctrl Pts',(-54.8132502645395,9.65356550417612,1.49999999999999));
#3480=CARTESIAN_POINT('Ctrl Pts',(-54.6685987272946,9.55145853670915,1.49999999999999));
#3481=CARTESIAN_POINT('Ctrl Pts',(-54.35660521559,8.90478107608505,-191.919653861752));
#3482=CARTESIAN_POINT('Ctrl Pts',(-54.35660521559,8.90478107608505,194.919653861752));
#3483=CARTESIAN_POINT('Ctrl Pts',(-54.35660521559,9.12034022962642,-191.919653861752));
#3484=CARTESIAN_POINT('Ctrl Pts',(-54.35660521559,9.12034022962642,194.919653861752));
#3485=CARTESIAN_POINT('Ctrl Pts',(-54.5154382760942,9.44084265528661,-191.919653861752));
#3486=CARTESIAN_POINT('Ctrl Pts',(-54.5154382760942,9.44084265528661,194.919653861752));
#3487=CARTESIAN_POINT('Ctrl Pts',(-54.6685987272946,9.55145853670915,-191.919653861752));
#3488=CARTESIAN_POINT('Ctrl Pts',(-54.6685987272946,9.55145853670915,194.919653861752));
#3489=CARTESIAN_POINT('',(-54.35660521559,8.90478107608505,1.49999999999999));
#3490=CARTESIAN_POINT('',(-54.35660521559,8.90478107608505,-191.919653861752));
#3491=CARTESIAN_POINT('Ctrl Pts',(-54.6685987272946,9.55145853670915,1.49999999999995));
#3492=CARTESIAN_POINT('Ctrl Pts',(-54.5154382760942,9.44084265528661,1.49999999999995));
#3493=CARTESIAN_POINT('Ctrl Pts',(-54.35660521559,9.12034022962642,1.49999999999995));
#3494=CARTESIAN_POINT('Ctrl Pts',(-54.35660521559,8.90478107608505,1.49999999999995));
#3495=CARTESIAN_POINT('Ctrl Pts',(-55.0032826762141,8.12196099217167,-191.919653861752));
#3496=CARTESIAN_POINT('Ctrl Pts',(-55.0032826762141,8.12196099217167,194.919653861752));
#3497=CARTESIAN_POINT('Ctrl Pts',(-54.7366700389393,8.17868708520887,-191.919653861752));
#3498=CARTESIAN_POINT('Ctrl Pts',(-54.7366700389393,8.17868708520887,194.919653861752));
#3499=CARTESIAN_POINT('Ctrl Pts',(-54.35660521559,8.61547800159532,-191.919653861752));
#3500=CARTESIAN_POINT('Ctrl Pts',(-54.35660521559,8.61547800159532,194.919653861752));
#3501=CARTESIAN_POINT('Ctrl Pts',(-54.35660521559,8.90478107608505,-191.919653861752));
#3502=CARTESIAN_POINT('Ctrl Pts',(-54.35660521559,8.90478107608505,194.919653861752));
#3503=CARTESIAN_POINT('',(-55.0032826762141,8.12196099217167,1.49999999999999));
#3504=CARTESIAN_POINT('',(-55.0032826762141,8.12196099217167,-191.919653861752));
#3505=CARTESIAN_POINT('Ctrl Pts',(-54.35660521559,8.90478107608505,1.49999999999999));
#3506=CARTESIAN_POINT('Ctrl Pts',(-54.35660521559,8.61547800159532,1.49999999999999));
#3507=CARTESIAN_POINT('Ctrl Pts',(-54.7366700389393,8.17868708520887,1.49999999999999));
#3508=CARTESIAN_POINT('Ctrl Pts',(-55.0032826762141,8.12196099217167,1.49999999999999));
#3509=CARTESIAN_POINT('Origin',(-55.0032826762141,8.12196099217167,-191.919653861752));
#3510=CARTESIAN_POINT('',(-55.0032826762141,8.08792533634934,1.49999999999999));
#3511=CARTESIAN_POINT('',(-55.0032826762141,8.08792533634934,-191.919653861752));
#3512=CARTESIAN_POINT('',(-55.0032826762141,4.06098049608583,1.5));
#3513=CARTESIAN_POINT('Ctrl Pts',(-54.5324561040054,7.86102096420054,-191.919653861752));
#3514=CARTESIAN_POINT('Ctrl Pts',(-54.5324561040054,7.86102096420054,194.919653861752));
#3515=CARTESIAN_POINT('Ctrl Pts',(-54.640235680776,7.9631279316675,-191.919653861752));
#3516=CARTESIAN_POINT('Ctrl Pts',(-54.640235680776,7.9631279316675,194.919653861752));
#3517=CARTESIAN_POINT('Ctrl Pts',(-54.8926667947916,8.06523489913446,-191.919653861752));
#3518=CARTESIAN_POINT('Ctrl Pts',(-54.8926667947916,8.06523489913446,194.919653861752));
#3519=CARTESIAN_POINT('Ctrl Pts',(-55.0032826762141,8.08792533634934,-191.919653861752));
#3520=CARTESIAN_POINT('Ctrl Pts',(-55.0032826762141,8.08792533634934,194.919653861752));
#3521=CARTESIAN_POINT('',(-54.5324561040054,7.86102096420054,1.49999999999999));
#3522=CARTESIAN_POINT('',(-54.5324561040054,7.86102096420054,-191.919653861752));
#3523=CARTESIAN_POINT('Ctrl Pts',(-55.0032826762141,8.08792533634934,1.49999999999999));
#3524=CARTESIAN_POINT('Ctrl Pts',(-54.8926667947916,8.06523489913446,1.49999999999999));
#3525=CARTESIAN_POINT('Ctrl Pts',(-54.640235680776,7.9631279316675,1.49999999999999));
#3526=CARTESIAN_POINT('Ctrl Pts',(-54.5324561040054,7.86102096420054,1.49999999999999));
#3527=CARTESIAN_POINT('Ctrl Pts',(-54.2885339039454,7.21434350357644,-191.919653861752));
#3528=CARTESIAN_POINT('Ctrl Pts',(-54.2885339039454,7.21434350357644,194.919653861752));
#3529=CARTESIAN_POINT('Ctrl Pts',(-54.2885339039454,7.4440841803771,-191.919653861752));
#3530=CARTESIAN_POINT('Ctrl Pts',(-54.2885339039454,7.4440841803771,194.919653861752));
#3531=CARTESIAN_POINT('Ctrl Pts',(-54.4246765272347,7.76175030138543,-191.919653861752));
#3532=CARTESIAN_POINT('Ctrl Pts',(-54.4246765272347,7.76175030138543,194.919653861752));
#3533=CARTESIAN_POINT('Ctrl Pts',(-54.5324561040054,7.86102096420054,-191.919653861752));
#3534=CARTESIAN_POINT('Ctrl Pts',(-54.5324561040054,7.86102096420054,194.919653861752));
#3535=CARTESIAN_POINT('',(-54.2885339039454,7.21434350357644,1.49999999999999));
#3536=CARTESIAN_POINT('',(-54.2885339039454,7.21434350357644,-191.919653861752));
#3537=CARTESIAN_POINT('Ctrl Pts',(-54.5324561040054,7.86102096420054,1.49999999999999));
#3538=CARTESIAN_POINT('Ctrl Pts',(-54.4246765272347,7.76175030138543,1.49999999999999));
#3539=CARTESIAN_POINT('Ctrl Pts',(-54.2885339039454,7.4440841803771,1.49999999999999));
#3540=CARTESIAN_POINT('Ctrl Pts',(-54.2885339039454,7.21434350357644,1.49999999999999));
#3541=CARTESIAN_POINT('Ctrl Pts',(-54.5976911109981,6.42585081035933,-191.919653861752));
#3542=CARTESIAN_POINT('Ctrl Pts',(-54.5976911109981,6.42585081035933,194.919653861752));
#3543=CARTESIAN_POINT('Ctrl Pts',(-54.4502032691014,6.57901126155978,-191.919653861752));
#3544=CARTESIAN_POINT('Ctrl Pts',(-54.4502032691014,6.57901126155978,194.919653861752));
#3545=CARTESIAN_POINT('Ctrl Pts',(-54.2885339039454,6.97893021747205,-191.919653861752));
#3546=CARTESIAN_POINT('Ctrl Pts',(-54.2885339039454,6.97893021747205,194.919653861752));
#3547=CARTESIAN_POINT('Ctrl Pts',(-54.2885339039454,7.21434350357644,-191.919653861752));
#3548=CARTESIAN_POINT('Ctrl Pts',(-54.2885339039454,7.21434350357644,194.919653861752));
#3549=CARTESIAN_POINT('',(-54.5976911109981,6.42585081035933,1.49999999999999));
#3550=CARTESIAN_POINT('',(-54.5976911109981,6.42585081035933,-191.919653861752));
#3551=CARTESIAN_POINT('Ctrl Pts',(-54.2885339039454,7.21434350357644,1.49999999999999));
#3552=CARTESIAN_POINT('Ctrl Pts',(-54.2885339039454,6.97893021747205,1.49999999999999));
#3553=CARTESIAN_POINT('Ctrl Pts',(-54.4502032691014,6.57901126155978,1.49999999999999));
#3554=CARTESIAN_POINT('Ctrl Pts',(-54.5976911109981,6.42585081035933,1.49999999999999));
#3555=CARTESIAN_POINT('Ctrl Pts',(-55.4599277251636,6.10251208004728,-191.919653861752));
#3556=CARTESIAN_POINT('Ctrl Pts',(-55.4599277251636,6.10251208004728,194.919653861752));
#3557=CARTESIAN_POINT('Ctrl Pts',(-55.1848061739332,6.10251208004728,-191.919653861752));
#3558=CARTESIAN_POINT('Ctrl Pts',(-55.1848061739332,6.10251208004728,194.919653861752));
#3559=CARTESIAN_POINT('Ctrl Pts',(-54.7508515621986,6.26701774985516,-191.919653861752));
#3560=CARTESIAN_POINT('Ctrl Pts',(-54.7508515621986,6.26701774985516,194.919653861752));
#3561=CARTESIAN_POINT('Ctrl Pts',(-54.5976911109981,6.42585081035933,-191.919653861752));
#3562=CARTESIAN_POINT('Ctrl Pts',(-54.5976911109981,6.42585081035933,194.919653861752));
#3563=CARTESIAN_POINT('',(-55.4599277251636,6.10251208004728,1.49999999999999));
#3564=CARTESIAN_POINT('',(-55.4599277251636,6.10251208004728,-191.919653861752));
#3565=CARTESIAN_POINT('Ctrl Pts',(-54.5976911109981,6.42585081035933,1.49999999999999));
#3566=CARTESIAN_POINT('Ctrl Pts',(-54.7508515621986,6.26701774985516,1.49999999999999));
#3567=CARTESIAN_POINT('Ctrl Pts',(-55.1848061739332,6.10251208004728,1.49999999999999));
#3568=CARTESIAN_POINT('Ctrl Pts',(-55.4599277251636,6.10251208004728,1.49999999999999));
#3569=CARTESIAN_POINT('Ctrl Pts',(-56.4157623928405,6.31807123358865,-191.919653861752));
#3570=CARTESIAN_POINT('Ctrl Pts',(-56.4157623928405,6.31807123358865,194.919653861752));
#3571=CARTESIAN_POINT('Ctrl Pts',(-56.2399115044251,6.23014578938098,-191.919653861752));
#3572=CARTESIAN_POINT('Ctrl Pts',(-56.2399115044251,6.23014578938098,194.919653861752));
#3573=CARTESIAN_POINT('Ctrl Pts',(-55.7237040577866,6.10251208004728,-191.919653861752));
#3574=CARTESIAN_POINT('Ctrl Pts',(-55.7237040577866,6.10251208004728,194.919653861752));
#3575=CARTESIAN_POINT('Ctrl Pts',(-55.4599277251636,6.10251208004728,-191.919653861752));
#3576=CARTESIAN_POINT('Ctrl Pts',(-55.4599277251636,6.10251208004728,194.919653861752));
#3577=CARTESIAN_POINT('',(-56.4157623928405,6.31807123358865,1.49999999999999));
#3578=CARTESIAN_POINT('',(-56.4157623928405,6.31807123358865,-191.919653861752));
#3579=CARTESIAN_POINT('Ctrl Pts',(-55.4599277251636,6.10251208004728,1.49999999999999));
#3580=CARTESIAN_POINT('Ctrl Pts',(-55.7237040577866,6.10251208004728,1.49999999999999));
#3581=CARTESIAN_POINT('Ctrl Pts',(-56.2399115044251,6.23014578938098,1.49999999999999));
#3582=CARTESIAN_POINT('Ctrl Pts',(-56.4157623928405,6.31807123358865,1.49999999999999));
#3583=CARTESIAN_POINT('Origin',(-56.4157623928405,6.31807123358865,-191.919653861752));
#3584=CARTESIAN_POINT('',(-56.4157623928405,3.15903561679432,1.5));
#3585=CARTESIAN_POINT('Origin',(-62.6301058850659,8.80267410861809,-191.919653861752));
#3586=CARTESIAN_POINT('',(-61.9125208081453,6.78038889184184,2.5));
#3587=CARTESIAN_POINT('',(-62.6301058850659,8.80267410861809,2.5));
#3588=CARTESIAN_POINT('',(-57.7410325564468,-4.97562345385398,2.5));
#3589=CARTESIAN_POINT('',(-61.9125208081453,6.78038889184184,1.49999999999999));
#3590=CARTESIAN_POINT('',(-61.9125208081453,6.78038889184184,-191.919653861752));
#3591=CARTESIAN_POINT('',(-62.6301058850659,8.80267410861809,1.49999999999999));
#3592=CARTESIAN_POINT('',(-57.7410325564468,-4.97562345385398,1.49999999999999));
#3593=CARTESIAN_POINT('',(-62.6301058850659,8.80267410861809,-191.919653861752));
#3594=CARTESIAN_POINT('Origin',(-63.1094413712303,8.80267410861809,-191.919653861752));
#3595=CARTESIAN_POINT('',(-63.1094413712303,8.80267410861809,2.5));
#3596=CARTESIAN_POINT('',(-31.5547206856151,8.80267410861809,2.5));
#3597=CARTESIAN_POINT('',(-63.1094413712303,8.80267410861809,1.49999999999999));
#3598=CARTESIAN_POINT('',(-31.5547206856151,8.80267410861809,1.5));
#3599=CARTESIAN_POINT('',(-63.1094413712303,8.80267410861809,-191.919653861752));
#3600=CARTESIAN_POINT('Origin',(-62.1280799616867,6.17625600099564,-191.919653861752));
#3601=CARTESIAN_POINT('',(-62.1280799616867,6.17625600099564,2.5));
#3602=CARTESIAN_POINT('',(-57.3099004542878,-6.7186405997309,2.5));
#3603=CARTESIAN_POINT('',(-62.1280799616867,6.17625600099564,1.49999999999999));
#3604=CARTESIAN_POINT('',(-57.3099004542878,-6.71864059973091,1.50000000000002));
#3605=CARTESIAN_POINT('',(-62.1280799616867,6.17625600099564,-191.919653861752));
#3606=CARTESIAN_POINT('Origin',(-61.7309973104263,6.17625600099564,-191.919653861752));
#3607=CARTESIAN_POINT('',(-61.7309973104263,6.17625600099564,2.5));
#3608=CARTESIAN_POINT('',(-30.8654986552131,6.17625600099564,2.5));
#3609=CARTESIAN_POINT('',(-61.7309973104263,6.17625600099564,1.49999999999999));
#3610=CARTESIAN_POINT('',(-30.8654986552131,6.17625600099564,1.5));
#3611=CARTESIAN_POINT('',(-61.7309973104263,6.17625600099564,-191.919653861752));
#3612=CARTESIAN_POINT('Origin',(-60.7411269869271,8.80267410861809,-191.919653861752));
#3613=CARTESIAN_POINT('',(-60.7411269869271,8.80267410861809,2.5));
#3614=CARTESIAN_POINT('',(-58.4161798035682,14.9714451452665,2.5));
#3615=CARTESIAN_POINT('',(-60.7411269869271,8.80267410861809,1.49999999999999));
#3616=CARTESIAN_POINT('',(-58.4161798035683,14.9714451452665,1.5));
#3617=CARTESIAN_POINT('',(-60.7411269869271,8.80267410861809,-191.919653861752));
#3618=CARTESIAN_POINT('Origin',(-61.2006083405284,8.80267410861809,-191.919653861752));
#3619=CARTESIAN_POINT('',(-61.2006083405284,8.80267410861809,2.5));
#3620=CARTESIAN_POINT('',(-30.6003041702642,8.80267410861809,2.5));
#3621=CARTESIAN_POINT('',(-61.2006083405284,8.80267410861809,1.49999999999999));
#3622=CARTESIAN_POINT('',(-30.6003041702642,8.80267410861809,1.5));
#3623=CARTESIAN_POINT('',(-61.2006083405284,8.80267410861809,-191.919653861752));
#3624=CARTESIAN_POINT('Origin',(-61.9125208081453,6.78038889184184,-191.919653861752));
#3625=CARTESIAN_POINT('',(-59.5610567951736,13.4600456298849,2.5));
#3626=CARTESIAN_POINT('',(-59.5610567951736,13.4600456298849,1.49999999999999));
#3627=CARTESIAN_POINT('Origin',(0.,0.,2.5));
#3628=CARTESIAN_POINT('Origin',(0.,0.,2.5));
#3629=CARTESIAN_POINT('',(-60.19655649377,6.53363038713001,2.5));
#3630=CARTESIAN_POINT('',(-60.19655649377,6.17625600099564,2.5));
#3631=CARTESIAN_POINT('',(-60.19655649377,3.08812800049782,2.5));
#3632=CARTESIAN_POINT('',(-58.4891010933502,6.17625600099564,2.5));
#3633=CARTESIAN_POINT('',(-29.2445505466751,6.17625600099564,2.5));
#3634=CARTESIAN_POINT('',(-58.4891010933502,6.53363038713001,2.5));
#3635=CARTESIAN_POINT('',(-58.4891010933502,3.26681519356501,2.5));
#3636=CARTESIAN_POINT('',(-59.1102518121075,6.53363038713001,2.5));
#3637=CARTESIAN_POINT('',(-29.5551259060538,6.53363038713001,2.5));
#3638=CARTESIAN_POINT('',(-59.1102518121075,9.68760115999844,2.5));
#3639=CARTESIAN_POINT('',(-59.1102518121075,4.84380057999922,2.5));
#3640=CARTESIAN_POINT('',(-59.4732988075456,9.68760115999844,2.5));
#3641=CARTESIAN_POINT('',(-29.7366494037728,9.68760115999844,2.5));
#3642=CARTESIAN_POINT('',(-60.19655649377,9.1997567598785,2.5));
#3643=CARTESIAN_POINT('Ctrl Pts',(-59.4732988075456,9.68760115999844,2.5));
#3644=CARTESIAN_POINT('Ctrl Pts',(-59.4884257656889,9.49851418320776,2.5));
#3645=CARTESIAN_POINT('Ctrl Pts',(-59.5527153377977,9.36993503899011,2.5));
#3646=CARTESIAN_POINT('Ctrl Pts',(-59.6661675238721,9.30186372734546,2.5));
#3647=CARTESIAN_POINT('Ctrl Pts',(-59.7796197099465,9.23379241570082,2.5));
#3648=CARTESIAN_POINT('Ctrl Pts',(-59.9564160332458,9.1997567598785,2.5));
#3649=CARTESIAN_POINT('Ctrl Pts',(-60.19655649377,9.1997567598785,2.5));
#3650=CARTESIAN_POINT('',(-60.19655649377,8.87925433421831,2.5));
#3651=CARTESIAN_POINT('',(-60.19655649377,4.43962716710915,2.5));
#3652=CARTESIAN_POINT('',(-59.5612242517533,8.87925433421831,2.5));
#3653=CARTESIAN_POINT('',(-29.7806121258767,8.87925433421831,2.5));
#3654=CARTESIAN_POINT('',(-59.5612242517533,6.53363038713001,2.5));
#3655=CARTESIAN_POINT('',(-59.5612242517533,3.26681519356501,2.5));
#3656=CARTESIAN_POINT('',(-30.098278246885,6.53363038713001,2.5));
#3657=CARTESIAN_POINT('Origin',(-59.4732988075456,9.68760115999844,-191.919653861752));
#3658=CARTESIAN_POINT('',(-59.1102518121075,9.68760115999844,1.49999999999999));
#3659=CARTESIAN_POINT('',(-59.1102518121075,9.68760115999844,-191.919653861752));
#3660=CARTESIAN_POINT('',(-59.4732988075456,9.68760115999844,1.49999999999999));
#3661=CARTESIAN_POINT('',(-29.7366494037728,9.68760115999844,1.5));
#3662=CARTESIAN_POINT('',(-59.4732988075456,9.68760115999844,-191.919653861752));
#3663=CARTESIAN_POINT('Origin',(-59.1102518121075,9.68760115999844,-191.919653861752));
#3664=CARTESIAN_POINT('',(-59.1102518121075,6.53363038713001,1.49999999999999));
#3665=CARTESIAN_POINT('',(-59.1102518121075,6.53363038713001,-191.919653861752));
#3666=CARTESIAN_POINT('',(-59.1102518121075,4.84380057999922,1.5));
#3667=CARTESIAN_POINT('Origin',(-59.1102518121075,6.53363038713001,-191.919653861752));
#3668=CARTESIAN_POINT('',(-58.4891010933502,6.53363038713001,1.49999999999999));
#3669=CARTESIAN_POINT('',(-58.4891010933502,6.53363038713001,-191.919653861752));
#3670=CARTESIAN_POINT('',(-29.5551259060538,6.53363038713001,1.5));
#3671=CARTESIAN_POINT('Origin',(-58.4891010933502,6.53363038713001,-191.919653861752));
#3672=CARTESIAN_POINT('',(-58.4891010933502,6.17625600099564,1.49999999999999));
#3673=CARTESIAN_POINT('',(-58.4891010933502,6.17625600099564,-191.919653861752));
#3674=CARTESIAN_POINT('',(-58.4891010933502,3.26681519356501,1.5));
#3675=CARTESIAN_POINT('Origin',(-58.4891010933502,6.17625600099564,-191.919653861752));
#3676=CARTESIAN_POINT('',(-60.19655649377,6.17625600099564,1.49999999999999));
#3677=CARTESIAN_POINT('',(-60.19655649377,6.17625600099564,-191.919653861752));
#3678=CARTESIAN_POINT('',(-29.2445505466751,6.17625600099564,1.5));
#3679=CARTESIAN_POINT('Origin',(-60.19655649377,6.17625600099564,-191.919653861752));
#3680=CARTESIAN_POINT('',(-60.19655649377,6.53363038713001,1.49999999999999));
#3681=CARTESIAN_POINT('',(-60.19655649377,6.53363038713001,-191.919653861752));
#3682=CARTESIAN_POINT('',(-60.19655649377,3.08812800049782,1.5));
#3683=CARTESIAN_POINT('Origin',(-60.19655649377,6.53363038713001,-191.919653861752));
#3684=CARTESIAN_POINT('',(-59.5612242517533,6.53363038713001,1.49999999999999));
#3685=CARTESIAN_POINT('',(-59.5612242517533,6.53363038713001,-191.919653861752));
#3686=CARTESIAN_POINT('',(-30.098278246885,6.53363038713001,1.5));
#3687=CARTESIAN_POINT('Origin',(-59.5612242517533,6.53363038713001,-191.919653861752));
#3688=CARTESIAN_POINT('',(-59.5612242517533,8.87925433421831,1.49999999999999));
#3689=CARTESIAN_POINT('',(-59.5612242517533,8.87925433421831,-191.919653861752));
#3690=CARTESIAN_POINT('',(-59.5612242517533,3.26681519356501,1.5));
#3691=CARTESIAN_POINT('Origin',(-59.5612242517533,8.87925433421831,-191.919653861752));
#3692=CARTESIAN_POINT('',(-60.19655649377,8.87925433421831,1.49999999999999));
#3693=CARTESIAN_POINT('',(-60.19655649377,8.87925433421831,-191.919653861752));
#3694=CARTESIAN_POINT('',(-29.7806121258767,8.87925433421831,1.5));
#3695=CARTESIAN_POINT('Origin',(-60.19655649377,8.87925433421831,-191.919653861752));
#3696=CARTESIAN_POINT('',(-60.19655649377,9.1997567598785,1.49999999999999));
#3697=CARTESIAN_POINT('',(-60.19655649377,9.1997567598785,-191.919653861752));
#3698=CARTESIAN_POINT('',(-60.19655649377,4.43962716710915,1.5));
#3699=CARTESIAN_POINT('Ctrl Pts',(-59.4732988075456,9.68760115999844,-191.919653861752));
#3700=CARTESIAN_POINT('Ctrl Pts',(-59.4732988075456,9.68760115999844,194.919653861752));
#3701=CARTESIAN_POINT('Ctrl Pts',(-59.4959892447605,9.40397069481243,-191.919653861752));
#3702=CARTESIAN_POINT('Ctrl Pts',(-59.4959892447605,9.40397069481243,194.919653861752));
#3703=CARTESIAN_POINT('Ctrl Pts',(-59.8363458029837,9.1997567598785,-191.919653861752));
#3704=CARTESIAN_POINT('Ctrl Pts',(-59.8363458029837,9.1997567598785,194.919653861752));
#3705=CARTESIAN_POINT('Ctrl Pts',(-60.19655649377,9.1997567598785,-191.919653861752));
#3706=CARTESIAN_POINT('Ctrl Pts',(-60.19655649377,9.1997567598785,194.919653861752));
#3707=CARTESIAN_POINT('Ctrl Pts',(-60.19655649377,9.1997567598785,1.49999999999999));
#3708=CARTESIAN_POINT('Ctrl Pts',(-59.8363458029837,9.1997567598785,1.49999999999999));
#3709=CARTESIAN_POINT('Ctrl Pts',(-59.4959892447605,9.40397069481243,1.49999999999999));
#3710=CARTESIAN_POINT('Ctrl Pts',(-59.4732988075456,9.68760115999844,1.49999999999999));
#3711=CARTESIAN_POINT('Origin',(-57.093639204635,6.84562389883462,-191.919653861752));
#3712=CARTESIAN_POINT('',(-57.093639204635,6.17625600099564,2.5));
#3713=CARTESIAN_POINT('',(-57.093639204635,6.84562389883462,2.5));
#3714=CARTESIAN_POINT('',(-57.093639204635,3.42281194941731,2.5));
#3715=CARTESIAN_POINT('',(-57.093639204635,6.17625600099564,1.49999999999999));
#3716=CARTESIAN_POINT('',(-57.093639204635,6.17625600099564,-191.919653861752));
#3717=CARTESIAN_POINT('',(-57.093639204635,6.84562389883462,1.49999999999999));
#3718=CARTESIAN_POINT('',(-57.093639204635,3.42281194941731,1.5));
#3719=CARTESIAN_POINT('',(-57.093639204635,6.84562389883462,-191.919653861752));
#3720=CARTESIAN_POINT('Origin',(-57.6552275257033,6.84562389883462,-191.919653861752));
#3721=CARTESIAN_POINT('',(-57.6552275257033,6.84562389883462,2.5));
#3722=CARTESIAN_POINT('',(-28.8276137628517,6.84562389883462,2.5));
#3723=CARTESIAN_POINT('',(-57.6552275257033,6.84562389883462,1.49999999999999));
#3724=CARTESIAN_POINT('',(-28.8276137628517,6.84562389883462,1.5));
#3725=CARTESIAN_POINT('',(-57.6552275257033,6.84562389883462,-191.919653861752));
#3726=CARTESIAN_POINT('Origin',(-57.6552275257033,6.17625600099564,-191.919653861752));
#3727=CARTESIAN_POINT('',(-57.6552275257033,6.17625600099564,2.5));
#3728=CARTESIAN_POINT('',(-57.6552275257033,3.08812800049782,2.5));
#3729=CARTESIAN_POINT('',(-57.6552275257033,6.17625600099564,1.49999999999999));
#3730=CARTESIAN_POINT('',(-57.6552275257033,3.08812800049782,1.5));
#3731=CARTESIAN_POINT('',(-57.6552275257033,6.17625600099564,-191.919653861752));
#3732=CARTESIAN_POINT('Origin',(-57.093639204635,6.17625600099564,-191.919653861752));
#3733=CARTESIAN_POINT('',(-28.5468196023175,6.17625600099564,2.5));
#3734=CARTESIAN_POINT('',(-28.5468196023175,6.17625600099564,1.5));
#3735=CARTESIAN_POINT('Origin',(0.,0.,2.5));
#3736=CARTESIAN_POINT('Origin',(19.475,-26.525,1.5));
#3737=CARTESIAN_POINT('',(19.475,-19.475,7.5));
#3738=CARTESIAN_POINT('',(19.475,-19.475,1.5));
#3739=CARTESIAN_POINT('',(19.475,-26.525,7.5));
#3740=CARTESIAN_POINT('',(19.475,-26.525,7.5));
#3741=CARTESIAN_POINT('',(19.475,-26.525,1.5));
#3742=CARTESIAN_POINT('Origin',(26.525,-26.525,1.5));
#3743=CARTESIAN_POINT('',(26.525,-26.525,7.5));
#3744=CARTESIAN_POINT('',(26.525,-26.525,7.5));
#3745=CARTESIAN_POINT('',(26.525,-26.525,1.5));
#3746=CARTESIAN_POINT('Origin',(26.525,-19.475,1.5));
#3747=CARTESIAN_POINT('',(26.525,-19.475,7.5));
#3748=CARTESIAN_POINT('',(26.525,-19.475,7.5));
#3749=CARTESIAN_POINT('',(26.525,-19.475,1.5));
#3750=CARTESIAN_POINT('Origin',(19.475,-19.475,1.5));
#3751=CARTESIAN_POINT('',(19.475,-19.475,7.5));
#3752=CARTESIAN_POINT('Origin',(18.,-18.,1.5));
#3753=CARTESIAN_POINT('',(18.,-28.,1.5));
#3754=CARTESIAN_POINT('',(18.,-18.,1.5));
#3755=CARTESIAN_POINT('',(18.,-8.99999999999999,1.5));
#3756=CARTESIAN_POINT('',(18.,-28.,7.5));
#3757=CARTESIAN_POINT('',(18.,-28.,1.5));
#3758=CARTESIAN_POINT('',(18.,-18.,7.5));
#3759=CARTESIAN_POINT('',(18.,-18.,7.5));
#3760=CARTESIAN_POINT('',(18.,-18.,1.5));
#3761=CARTESIAN_POINT('Origin',(28.,-18.,1.5));
#3762=CARTESIAN_POINT('',(28.,-18.,1.5));
#3763=CARTESIAN_POINT('',(14.,-18.,1.5));
#3764=CARTESIAN_POINT('',(28.,-18.,7.5));
#3765=CARTESIAN_POINT('',(28.,-18.,7.5));
#3766=CARTESIAN_POINT('',(28.,-18.,1.5));
#3767=CARTESIAN_POINT('Origin',(28.,-28.,1.5));
#3768=CARTESIAN_POINT('',(28.,-28.,1.5));
#3769=CARTESIAN_POINT('',(28.,-14.,1.5));
#3770=CARTESIAN_POINT('',(28.,-28.,7.5));
#3771=CARTESIAN_POINT('',(28.,-28.,7.5));
#3772=CARTESIAN_POINT('',(28.,-28.,1.5));
#3773=CARTESIAN_POINT('Origin',(18.,-28.,1.5));
#3774=CARTESIAN_POINT('',(9.,-28.,1.5));
#3775=CARTESIAN_POINT('',(18.,-28.,7.5));
#3776=CARTESIAN_POINT('Origin',(23.,-23.,7.5));
#3777=CARTESIAN_POINT('Origin',(-26.525,-26.525,1.5));
#3778=CARTESIAN_POINT('',(-26.525,-19.475,7.5));
#3779=CARTESIAN_POINT('',(-26.525,-19.475,1.5));
#3780=CARTESIAN_POINT('',(-26.525,-26.525,7.5));
#3781=CARTESIAN_POINT('',(-26.525,-26.525,7.5));
#3782=CARTESIAN_POINT('',(-26.525,-26.525,1.5));
#3783=CARTESIAN_POINT('Origin',(-19.475,-26.525,1.5));
#3784=CARTESIAN_POINT('',(-19.475,-26.525,7.5));
#3785=CARTESIAN_POINT('',(-19.475,-26.525,7.5));
#3786=CARTESIAN_POINT('',(-19.475,-26.525,1.5));
#3787=CARTESIAN_POINT('Origin',(-19.475,-19.475,1.5));
#3788=CARTESIAN_POINT('',(-19.475,-19.475,7.5));
#3789=CARTESIAN_POINT('',(-19.475,-19.475,7.5));
#3790=CARTESIAN_POINT('',(-19.475,-19.475,1.5));
#3791=CARTESIAN_POINT('Origin',(-26.525,-19.475,1.5));
#3792=CARTESIAN_POINT('',(-26.525,-19.475,7.5));
#3793=CARTESIAN_POINT('Origin',(-28.,-18.,1.5));
#3794=CARTESIAN_POINT('',(-28.,-28.,1.5));
#3795=CARTESIAN_POINT('',(-28.,-18.,1.5));
#3796=CARTESIAN_POINT('',(-28.,-8.99999999999999,1.5));
#3797=CARTESIAN_POINT('',(-28.,-28.,7.5));
#3798=CARTESIAN_POINT('',(-28.,-28.,1.5));
#3799=CARTESIAN_POINT('',(-28.,-18.,7.5));
#3800=CARTESIAN_POINT('',(-28.,-18.,7.5));
#3801=CARTESIAN_POINT('',(-28.,-18.,1.5));
#3802=CARTESIAN_POINT('Origin',(-18.,-18.,1.5));
#3803=CARTESIAN_POINT('',(-18.,-18.,1.5));
#3804=CARTESIAN_POINT('',(-9.,-18.,1.5));
#3805=CARTESIAN_POINT('',(-18.,-18.,7.5));
#3806=CARTESIAN_POINT('',(-18.,-18.,7.5));
#3807=CARTESIAN_POINT('',(-18.,-18.,1.5));
#3808=CARTESIAN_POINT('Origin',(-18.,-28.,1.5));
#3809=CARTESIAN_POINT('',(-18.,-28.,1.5));
#3810=CARTESIAN_POINT('',(-18.,-14.,1.5));
#3811=CARTESIAN_POINT('',(-18.,-28.,7.5));
#3812=CARTESIAN_POINT('',(-18.,-28.,7.5));
#3813=CARTESIAN_POINT('',(-18.,-28.,1.5));
#3814=CARTESIAN_POINT('Origin',(-28.,-28.,1.5));
#3815=CARTESIAN_POINT('',(-14.,-28.,1.5));
#3816=CARTESIAN_POINT('',(-28.,-28.,7.5));
#3817=CARTESIAN_POINT('Origin',(-23.,-23.,7.5));
#3818=CARTESIAN_POINT('Origin',(-26.525,19.475,1.5));
#3819=CARTESIAN_POINT('',(-26.525,26.525,7.5));
#3820=CARTESIAN_POINT('',(-26.525,26.525,1.5));
#3821=CARTESIAN_POINT('',(-26.525,19.475,7.5));
#3822=CARTESIAN_POINT('',(-26.525,19.475,7.5));
#3823=CARTESIAN_POINT('',(-26.525,19.475,1.5));
#3824=CARTESIAN_POINT('Origin',(-19.475,19.475,1.5));
#3825=CARTESIAN_POINT('',(-19.475,19.475,7.5));
#3826=CARTESIAN_POINT('',(-19.475,19.475,7.5));
#3827=CARTESIAN_POINT('',(-19.475,19.475,1.5));
#3828=CARTESIAN_POINT('Origin',(-19.475,26.525,1.5));
#3829=CARTESIAN_POINT('',(-19.475,26.525,7.5));
#3830=CARTESIAN_POINT('',(-19.475,26.525,7.5));
#3831=CARTESIAN_POINT('',(-19.475,26.525,1.5));
#3832=CARTESIAN_POINT('Origin',(-26.525,26.525,1.5));
#3833=CARTESIAN_POINT('',(-26.525,26.525,7.5));
#3834=CARTESIAN_POINT('Origin',(-28.,28.,1.5));
#3835=CARTESIAN_POINT('',(-28.,18.,1.5));
#3836=CARTESIAN_POINT('',(-28.,28.,1.5));
#3837=CARTESIAN_POINT('',(-28.,14.,1.5));
#3838=CARTESIAN_POINT('',(-28.,18.,7.5));
#3839=CARTESIAN_POINT('',(-28.,18.,1.5));
#3840=CARTESIAN_POINT('',(-28.,28.,7.5));
#3841=CARTESIAN_POINT('',(-28.,28.,7.5));
#3842=CARTESIAN_POINT('',(-28.,28.,1.5));
#3843=CARTESIAN_POINT('Origin',(-18.,28.,1.5));
#3844=CARTESIAN_POINT('',(-18.,28.,1.5));
#3845=CARTESIAN_POINT('',(-9.,28.,1.5));
#3846=CARTESIAN_POINT('',(-18.,28.,7.5));
#3847=CARTESIAN_POINT('',(-18.,28.,7.5));
#3848=CARTESIAN_POINT('',(-18.,28.,1.5));
#3849=CARTESIAN_POINT('Origin',(-18.,18.,1.5));
#3850=CARTESIAN_POINT('',(-18.,18.,1.5));
#3851=CARTESIAN_POINT('',(-18.,9.00000000000001,1.5));
#3852=CARTESIAN_POINT('',(-18.,18.,7.5));
#3853=CARTESIAN_POINT('',(-18.,18.,7.5));
#3854=CARTESIAN_POINT('',(-18.,18.,1.5));
#3855=CARTESIAN_POINT('Origin',(-28.,18.,1.5));
#3856=CARTESIAN_POINT('',(-14.,18.,1.5));
#3857=CARTESIAN_POINT('',(-28.,18.,7.5));
#3858=CARTESIAN_POINT('Origin',(-23.,23.,7.5));
#3859=CARTESIAN_POINT('Origin',(19.475,19.475,1.5));
#3860=CARTESIAN_POINT('',(19.475,26.525,7.5));
#3861=CARTESIAN_POINT('',(19.475,26.525,1.5));
#3862=CARTESIAN_POINT('',(19.475,19.475,7.5));
#3863=CARTESIAN_POINT('',(19.475,19.475,7.5));
#3864=CARTESIAN_POINT('',(19.475,19.475,1.5));
#3865=CARTESIAN_POINT('Origin',(26.525,19.475,1.5));
#3866=CARTESIAN_POINT('',(26.525,19.475,7.5));
#3867=CARTESIAN_POINT('',(26.525,19.475,7.5));
#3868=CARTESIAN_POINT('',(26.525,19.475,1.5));
#3869=CARTESIAN_POINT('Origin',(26.525,26.525,1.5));
#3870=CARTESIAN_POINT('',(26.525,26.525,7.5));
#3871=CARTESIAN_POINT('',(26.525,26.525,7.5));
#3872=CARTESIAN_POINT('',(26.525,26.525,1.5));
#3873=CARTESIAN_POINT('Origin',(19.475,26.525,1.5));
#3874=CARTESIAN_POINT('',(19.475,26.525,7.5));
#3875=CARTESIAN_POINT('Origin',(18.,28.,1.5));
#3876=CARTESIAN_POINT('',(18.,18.,1.5));
#3877=CARTESIAN_POINT('',(18.,28.,1.5));
#3878=CARTESIAN_POINT('',(18.,14.,1.5));
#3879=CARTESIAN_POINT('',(18.,18.,7.5));
#3880=CARTESIAN_POINT('',(18.,18.,1.5));
#3881=CARTESIAN_POINT('',(18.,28.,7.5));
#3882=CARTESIAN_POINT('',(18.,28.,7.5));
#3883=CARTESIAN_POINT('',(18.,28.,1.5));
#3884=CARTESIAN_POINT('Origin',(28.,28.,1.5));
#3885=CARTESIAN_POINT('',(28.,28.,1.5));
#3886=CARTESIAN_POINT('',(14.,28.,1.5));
#3887=CARTESIAN_POINT('',(28.,28.,7.5));
#3888=CARTESIAN_POINT('',(28.,28.,7.5));
#3889=CARTESIAN_POINT('',(28.,28.,1.5));
#3890=CARTESIAN_POINT('Origin',(28.,18.,1.5));
#3891=CARTESIAN_POINT('',(28.,18.,1.5));
#3892=CARTESIAN_POINT('',(28.,9.00000000000001,1.5));
#3893=CARTESIAN_POINT('',(28.,18.,7.5));
#3894=CARTESIAN_POINT('',(28.,18.,7.5));
#3895=CARTESIAN_POINT('',(28.,18.,1.5));
#3896=CARTESIAN_POINT('Origin',(18.,18.,1.5));
#3897=CARTESIAN_POINT('',(9.,18.,1.5));
#3898=CARTESIAN_POINT('',(18.,18.,7.5));
#3899=CARTESIAN_POINT('Origin',(23.,23.,7.5));
#3900=CARTESIAN_POINT('Origin',(0.,0.,1.5));
#3901=CARTESIAN_POINT('',(-61.75,-44.75,1.5));
#3902=CARTESIAN_POINT('',(-69.75,-36.75,1.5));
#3903=CARTESIAN_POINT('Origin',(-61.75,-36.75,1.5));
#3904=CARTESIAN_POINT('',(61.75,-44.75,1.5));
#3905=CARTESIAN_POINT('',(30.875,-44.75,1.5));
#3906=CARTESIAN_POINT('',(69.75,-36.75,1.5));
#3907=CARTESIAN_POINT('Origin',(61.75,-36.75,1.5));
#3908=CARTESIAN_POINT('',(69.75,36.75,1.5));
#3909=CARTESIAN_POINT('',(69.75,18.375,1.5));
#3910=CARTESIAN_POINT('',(61.75,44.75,1.5));
#3911=CARTESIAN_POINT('Origin',(61.75,36.75,1.5));
#3912=CARTESIAN_POINT('',(-61.75,44.75,1.5));
#3913=CARTESIAN_POINT('',(-30.875,44.75,1.5));
#3914=CARTESIAN_POINT('',(-69.75,36.75,1.5));
#3915=CARTESIAN_POINT('Origin',(-61.75,36.75,1.5));
#3916=CARTESIAN_POINT('',(-69.75,-18.375,1.5));
#3917=CARTESIAN_POINT('',(-25.,-3.06161699786838E-15,1.5));
#3918=CARTESIAN_POINT('Origin',(0.,0.,1.5));
#3919=CARTESIAN_POINT('Origin',(0.,0.,0.5));
#3920=CARTESIAN_POINT('',(-12.5,-1.53080849893419E-15,1.));
#3921=CARTESIAN_POINT('',(-13.,1.59204083889156E-15,0.5));
#3922=CARTESIAN_POINT('Origin',(0.,0.,1.));
#3923=CARTESIAN_POINT('Origin',(0.,0.,0.));
#3924=CARTESIAN_POINT('',(-12.5,-1.53080849893419E-15,2.5));
#3925=CARTESIAN_POINT('Origin',(0.,0.,2.5));
#3926=CARTESIAN_POINT('',(-12.5,-1.53080849893419E-15,0.));
#3927=CARTESIAN_POINT('Origin',(0.,0.,8.));
#3928=CARTESIAN_POINT('',(24.,-2.93915231795365E-15,8.5));
#3929=CARTESIAN_POINT('Origin',(0.,0.,8.5));
#3930=CARTESIAN_POINT('',(25.,3.06161699786838E-15,7.5));
#3931=CARTESIAN_POINT('',(24.5,3.00038465791102E-15,8.));
#3932=CARTESIAN_POINT('',(-25.,-3.06161699786838E-15,7.5));
#3933=CARTESIAN_POINT('Origin',(0.,0.,7.5));
#3934=CARTESIAN_POINT('Origin',(0.,0.,7.5));
#3935=CARTESIAN_POINT('Origin',(0.,0.,8.5));
#3936=CARTESIAN_POINT('',(19.,2.32682891837997E-15,8.5));
#3937=CARTESIAN_POINT('Origin',(0.,0.,8.5));
#3938=CARTESIAN_POINT('Origin',(0.,0.,1.5));
#3939=CARTESIAN_POINT('',(-25.,-3.06161699786838E-15,1.5));
#3940=CARTESIAN_POINT('Origin',(0.,0.,8.));
#3941=CARTESIAN_POINT('',(18.,-2.20436423846524E-15,7.5));
#3942=CARTESIAN_POINT('',(18.5,2.2655965784226E-15,8.));
#3943=CARTESIAN_POINT('Origin',(0.,0.,7.5));
#3944=CARTESIAN_POINT('Origin',(0.,0.,1.5));
#3945=CARTESIAN_POINT('',(18.,-2.20436423846524E-15,2.5));
#3946=CARTESIAN_POINT('',(18.,2.20436423846524E-15,1.5));
#3947=CARTESIAN_POINT('Origin',(0.,0.,2.5));
#3948=CARTESIAN_POINT('Origin',(0.,0.,2.5));
#3949=CARTESIAN_POINT('Origin',(61.75,36.75,1.5));
#3950=CARTESIAN_POINT('',(76.25,36.75,8.));
#3951=CARTESIAN_POINT('',(69.75,36.75,1.5));
#3952=CARTESIAN_POINT('',(61.75,51.25,8.));
#3953=CARTESIAN_POINT('Origin',(61.75,36.75,8.));
#3954=CARTESIAN_POINT('',(61.75,44.75,1.5));
#3955=CARTESIAN_POINT('Origin',(68.6893398282202,36.75,0.439339828220184));
#3956=CARTESIAN_POINT('',(76.25,-36.75,8.));
#3957=CARTESIAN_POINT('',(69.75,-36.75,1.5));
#3958=CARTESIAN_POINT('',(76.25,18.375,7.99999999999999));
#3959=CARTESIAN_POINT('Origin',(61.75,-36.75,1.5));
#3960=CARTESIAN_POINT('',(61.75,-51.25,8.));
#3961=CARTESIAN_POINT('',(61.75,-44.75,1.5));
#3962=CARTESIAN_POINT('Origin',(61.75,-36.75,8.));
#3963=CARTESIAN_POINT('Origin',(61.75,-43.6893398282202,0.439339828220175));
#3964=CARTESIAN_POINT('',(-61.75,-51.25,8.));
#3965=CARTESIAN_POINT('',(-61.75,-44.75,1.5));
#3966=CARTESIAN_POINT('',(30.875,-51.25,8.));
#3967=CARTESIAN_POINT('Origin',(-61.75,-36.75,1.5));
#3968=CARTESIAN_POINT('',(-76.25,-36.75,8.));
#3969=CARTESIAN_POINT('',(-69.75,-36.75,1.5));
#3970=CARTESIAN_POINT('Origin',(-61.75,-36.75,8.));
#3971=CARTESIAN_POINT('Origin',(-61.75,43.6893398282202,0.439339828220175));
#3972=CARTESIAN_POINT('',(-61.75,51.25,8.));
#3973=CARTESIAN_POINT('',(-30.875,51.25,8.));
#3974=CARTESIAN_POINT('',(-61.75,44.75,1.5));
#3975=CARTESIAN_POINT('Origin',(-61.75,36.75,1.5));
#3976=CARTESIAN_POINT('',(-76.25,36.75,8.));
#3977=CARTESIAN_POINT('Origin',(-61.75,36.75,8.));
#3978=CARTESIAN_POINT('',(-69.75,36.75,1.5));
#3979=CARTESIAN_POINT('Origin',(-68.6893398282202,-36.75,0.439339828220175));
#3980=CARTESIAN_POINT('',(-76.25,-18.375,8.));
#3981=CARTESIAN_POINT('Origin',(71.875,54.65,0.));
#3982=CARTESIAN_POINT('',(71.875,54.65,8.));
#3983=CARTESIAN_POINT('',(35.9375,54.65,8.));
#3984=CARTESIAN_POINT('',(71.875,54.65,0.));
#3985=CARTESIAN_POINT('Origin',(71.875,46.85,0.));
#3986=CARTESIAN_POINT('',(79.675,46.85,8.));
#3987=CARTESIAN_POINT('Origin',(71.875,46.85,8.));
#3988=CARTESIAN_POINT('',(79.675,46.85,0.));
#3989=CARTESIAN_POINT('Origin',(79.675,-46.85,0.));
#3990=CARTESIAN_POINT('',(79.675,-46.85,8.));
#3991=CARTESIAN_POINT('',(79.675,-23.425,8.));
#3992=CARTESIAN_POINT('',(79.675,-46.85,0.));
#3993=CARTESIAN_POINT('Origin',(71.875,-46.85,0.));
#3994=CARTESIAN_POINT('Origin',(71.875,-46.85,8.));
#3995=CARTESIAN_POINT('Origin',(0.,0.,8.));
#3996=CARTESIAN_POINT('',(0.,0.,1.5));
#3997=UNCERTAINTY_MEASURE_WITH_UNIT(LENGTH_MEASURE(0.01),#4001,
'DISTANCE_ACCURACY_VALUE',
'Maximum model space distance between geometric entities at asserted c
onnectivities');
#3998=UNCERTAINTY_MEASURE_WITH_UNIT(LENGTH_MEASURE(0.01),#4001,
'DISTANCE_ACCURACY_VALUE',
'Maximum model space distance between geometric entities at asserted c
onnectivities');
#3999=(
GEOMETRIC_REPRESENTATION_CONTEXT(3)
GLOBAL_UNCERTAINTY_ASSIGNED_CONTEXT((#3997))
GLOBAL_UNIT_ASSIGNED_CONTEXT((#4001,#4003,#4004))
REPRESENTATION_CONTEXT('','3D')
);
#4000=(
GEOMETRIC_REPRESENTATION_CONTEXT(3)
GLOBAL_UNCERTAINTY_ASSIGNED_CONTEXT((#3998))
GLOBAL_UNIT_ASSIGNED_CONTEXT((#4001,#4003,#4004))
REPRESENTATION_CONTEXT('','3D')
);
#4001=(
LENGTH_UNIT()
NAMED_UNIT(*)
SI_UNIT(.MILLI.,.METRE.)
);
#4002=(
LENGTH_UNIT()
NAMED_UNIT(*)
SI_UNIT(.CENTI.,.METRE.)
);
#4003=(
NAMED_UNIT(*)
PLANE_ANGLE_UNIT()
SI_UNIT($,.RADIAN.)
);
#4004=(
NAMED_UNIT(*)
SI_UNIT($,.STERADIAN.)
SOLID_ANGLE_UNIT()
);
#4005=SHAPE_DEFINITION_REPRESENTATION(#4006,#4007);
#4006=PRODUCT_DEFINITION_SHAPE('',$,#4009);
#4007=SHAPE_REPRESENTATION('',(#2343),#3999);
#4008=PRODUCT_DEFINITION_CONTEXT('part definition',#4013,'design');
#4009=PRODUCT_DEFINITION('StageInsert_Inserts_v1.2','stage_insert',#4010,
#4008);
#4010=PRODUCT_DEFINITION_FORMATION('',$,#4015);
#4011=PRODUCT_RELATED_PRODUCT_CATEGORY('stage_insert','stage_insert',(#4015));
#4012=APPLICATION_PROTOCOL_DEFINITION('international standard',
'automotive_design',2009,#4013);
#4013=APPLICATION_CONTEXT(
'Core Data for Automotive Mechanical Design Process');
#4014=PRODUCT_CONTEXT('part definition',#4013,'mechanical');
#4015=PRODUCT('StageInsert_Inserts_v1.2','stage_insert',$,(#4014));
#4016=PRESENTATION_STYLE_ASSIGNMENT((#4018));
#4017=PRESENTATION_STYLE_ASSIGNMENT((#4019));
#4018=SURFACE_STYLE_USAGE(.BOTH.,#4022);
#4019=SURFACE_STYLE_USAGE(.BOTH.,#4023);
#4020=SURFACE_STYLE_RENDERING_WITH_PROPERTIES($,#4030,(#4021));
#4021=SURFACE_STYLE_TRANSPARENT(0.);
#4022=SURFACE_SIDE_STYLE('',(#4024,#4020));
#4023=SURFACE_SIDE_STYLE('',(#4025));
#4024=SURFACE_STYLE_FILL_AREA(#4026);
#4025=SURFACE_STYLE_FILL_AREA(#4027);
#4026=FILL_AREA_STYLE('',(#4028));
#4027=FILL_AREA_STYLE('',(#4029));
#4028=FILL_AREA_STYLE_COLOUR('',#4030);
#4029=FILL_AREA_STYLE_COLOUR('',#4031);
#4030=COLOUR_RGB('',0.956862745098039,0.956862745098039,0.956862745098039);
#4031=COLOUR_RGB('',0.913725490196078,0.913725490196078,0.);
ENDSEC;
END-ISO-10303-21;
